eaab8f0e054c6f0da98151ebfd1117ad.Wr_OldText.0.img.jpg	eaab8f0e054c6f0da98151ebfd1117ad.Wr_OldText.0.lines.gt.json
e85ffd72035a51258df75942d4e5bc9c.Wr_OldText.3.img.jpg	e85ffd72035a51258df75942d4e5bc9c.Wr_OldText.3.lines.gt.json
4e3f0a40438cb9f4083990f0eb51db98.Wr_OldText.1.img.jpg	4e3f0a40438cb9f4083990f0eb51db98.Wr_OldText.1.lines.gt.json
2464998e0c8a1f77792fbbca01164d44.Wr_OldText.7.img.jpg	2464998e0c8a1f77792fbbca01164d44.Wr_OldText.7.lines.gt.json
781abca54b98103952ba60ddf9763756.Wr_OldText.2.img.jpg	781abca54b98103952ba60ddf9763756.Wr_OldText.2.lines.gt.json
4f7468f4a07a297b03707a701132d691.Wr_OldText.5.img.jpg	4f7468f4a07a297b03707a701132d691.Wr_OldText.5.lines.gt.json
6fc92d0b204e3f9da6694e637614d07b.Wr_OldText.1.img.jpg	6fc92d0b204e3f9da6694e637614d07b.Wr_OldText.1.lines.gt.json
8bff49c0e6977b68381b2463dea34461.Wr_OldText.4.img.jpg	8bff49c0e6977b68381b2463dea34461.Wr_OldText.4.lines.gt.json
922fdcee9493b8067601d82fdd4c9306.Wr_OldText.3.img.jpg	922fdcee9493b8067601d82fdd4c9306.Wr_OldText.3.lines.gt.json
51ba8fd6730e26cdcd822c529c5ce4e2.Wr_OldText.3.img.jpg	51ba8fd6730e26cdcd822c529c5ce4e2.Wr_OldText.3.lines.gt.json
3a3bffb9a76e763d50b124aa437924b9.Wr_OldText.5.img.jpg	3a3bffb9a76e763d50b124aa437924b9.Wr_OldText.5.lines.gt.json
f75cad9af41b8777cf108b4b60f8e2af.Wr_OldText.2.img.jpg	f75cad9af41b8777cf108b4b60f8e2af.Wr_OldText.2.lines.gt.json
ce7ac84391bd291ad9bab54d0f1e4198.Wr_OldText.7.img.jpg	ce7ac84391bd291ad9bab54d0f1e4198.Wr_OldText.7.lines.gt.json
359a16e49953c8e3d6e23ab1fb0aad7b.Wr_OldText.1.img.jpg	359a16e49953c8e3d6e23ab1fb0aad7b.Wr_OldText.1.lines.gt.json
5f71bd501917c03b785e27c5cfb706d8.Wr_OldText.4.img.jpg	5f71bd501917c03b785e27c5cfb706d8.Wr_OldText.4.lines.gt.json
267ebc820995b38366c6a305be5af0b8.Wr_OldText.2.img.jpg	267ebc820995b38366c6a305be5af0b8.Wr_OldText.2.lines.gt.json
980edf7c6473466e6bfdccdf8090e052.Wr_OldText.4.img.jpg	980edf7c6473466e6bfdccdf8090e052.Wr_OldText.4.lines.gt.json
41d892235f7af0e1c5b4eead2e846ddb.Wr_OldText.2.img.jpg	41d892235f7af0e1c5b4eead2e846ddb.Wr_OldText.2.lines.gt.json
3d87e370bb72595c8d65265bd765b695.Wr_OldText.3.img.jpg	3d87e370bb72595c8d65265bd765b695.Wr_OldText.3.lines.gt.json
3e0195fa7cbe79ec0569d503e07b857a.Wr_OldText.3.img.jpg	3e0195fa7cbe79ec0569d503e07b857a.Wr_OldText.3.lines.gt.json
b749511f796f64b5e381042a70cf95e0.Wr_OldText.3.img.jpg	b749511f796f64b5e381042a70cf95e0.Wr_OldText.3.lines.gt.json
79ee76a8ca3829d8ae4bf64873a873f2.Wr_OldText.2.img.jpg	79ee76a8ca3829d8ae4bf64873a873f2.Wr_OldText.2.lines.gt.json
3cf4a61f2ab62110b4001fb78625a606.Wr_OldText.2.img.jpg	3cf4a61f2ab62110b4001fb78625a606.Wr_OldText.2.lines.gt.json
2684168541ae9edabd9e850b19383286.Wr_OldText.2.img.jpg	2684168541ae9edabd9e850b19383286.Wr_OldText.2.lines.gt.json
bfff60199509dee6a751a30533121ac2.Wr_OldText.0.img.jpg	bfff60199509dee6a751a30533121ac2.Wr_OldText.0.lines.gt.json
9b74c8f5e368dba193b1301f916dedaf.Wr_OldText.2.img.jpg	9b74c8f5e368dba193b1301f916dedaf.Wr_OldText.2.lines.gt.json
7bc9c2011bf3936539daf9a93e6deee4.Wr_OldText.3.img.jpg	7bc9c2011bf3936539daf9a93e6deee4.Wr_OldText.3.lines.gt.json
04cb297cb406117c9cca9e9340c11bae.Wr_OldText.6.img.jpg	04cb297cb406117c9cca9e9340c11bae.Wr_OldText.6.lines.gt.json
9cebb89ceca538c9ef9d399fd98c8f17.Wr_OldText.2.img.jpg	9cebb89ceca538c9ef9d399fd98c8f17.Wr_OldText.2.lines.gt.json
bf7ec750090e4182428b2c2c5e1979f3.Wr_OldText.1.img.jpg	bf7ec750090e4182428b2c2c5e1979f3.Wr_OldText.1.lines.gt.json
ceb4d75cd8bcafa0887e4f898c63b5bc.Wr_OldText.5.img.jpg	ceb4d75cd8bcafa0887e4f898c63b5bc.Wr_OldText.5.lines.gt.json
f163a89816956cd9d705f0538fb4a18c.Wr_OldText.1.img.jpg	f163a89816956cd9d705f0538fb4a18c.Wr_OldText.1.lines.gt.json
3e240035d2632182baf7495dc06daaa4.Wr_OldText.2.img.jpg	3e240035d2632182baf7495dc06daaa4.Wr_OldText.2.lines.gt.json
447ff8da00e90524a823841169b659eb.Wr_OldText.1.img.jpg	447ff8da00e90524a823841169b659eb.Wr_OldText.1.lines.gt.json
a27780c234b68b54b02619a749638d64.Wr_OldText.3.img.jpg	a27780c234b68b54b02619a749638d64.Wr_OldText.3.lines.gt.json
48e8ae9734472c05321b450dda28a44e.Wr_OldText.0.img.jpg	48e8ae9734472c05321b450dda28a44e.Wr_OldText.0.lines.gt.json
ad20485baff875b989a925714021480e.Wr_OldText.2.img.jpg	ad20485baff875b989a925714021480e.Wr_OldText.2.lines.gt.json
9afa868fe45fe547f6dcf1624137da7b.Wr_OldText.7.img.jpg	9afa868fe45fe547f6dcf1624137da7b.Wr_OldText.7.lines.gt.json
0e83b0d2324b3d8454689d89ef88a827.Wr_OldText.1.img.jpg	0e83b0d2324b3d8454689d89ef88a827.Wr_OldText.1.lines.gt.json
2729aa5351431ec5a0664a2d627b51d0.Wr_OldText.5.img.jpg	2729aa5351431ec5a0664a2d627b51d0.Wr_OldText.5.lines.gt.json
9e49229254ddb05761bb769c0fcb1fea.Wr_OldText.4.img.jpg	9e49229254ddb05761bb769c0fcb1fea.Wr_OldText.4.lines.gt.json
da3fa4d70fb42e6c5c298aaf81bc83af.Wr_OldText.3.img.jpg	da3fa4d70fb42e6c5c298aaf81bc83af.Wr_OldText.3.lines.gt.json
81ba0a2ae1f388618bcb83ba87dddc6c.Wr_OldText.3.img.jpg	81ba0a2ae1f388618bcb83ba87dddc6c.Wr_OldText.3.lines.gt.json
64b4d95bf557cc40556f486d815190e3.Wr_OldText.1.img.jpg	64b4d95bf557cc40556f486d815190e3.Wr_OldText.1.lines.gt.json
99502c17a9d5a8d1bece14da0cc485ec.Wr_OldText.1.img.jpg	99502c17a9d5a8d1bece14da0cc485ec.Wr_OldText.1.lines.gt.json
03420e25825c81bad173adc9946c7ba7.Wr_OldText.2.img.jpg	03420e25825c81bad173adc9946c7ba7.Wr_OldText.2.lines.gt.json
45ed83cb82f20f2d2bb819c58742e681.Wr_OldText.2.img.jpg	45ed83cb82f20f2d2bb819c58742e681.Wr_OldText.2.lines.gt.json
da4ea6919106fc257d5fa7de711a1656.Wr_OldText.1.img.jpg	da4ea6919106fc257d5fa7de711a1656.Wr_OldText.1.lines.gt.json
3fd453d7c7fb5c1129ab4c5d6f83c309.Wr_OldText.1.img.jpg	3fd453d7c7fb5c1129ab4c5d6f83c309.Wr_OldText.1.lines.gt.json
a153daf9043f53aa9003680fbb24561f.Wr_OldText.1.img.jpg	a153daf9043f53aa9003680fbb24561f.Wr_OldText.1.lines.gt.json
763dbe9a10ae042ffbc43eba88933bf2.Wr_OldText.4.img.jpg	763dbe9a10ae042ffbc43eba88933bf2.Wr_OldText.4.lines.gt.json
6fc0140ab8415454f6357faa64b2e532.Wr_OldText.3.img.jpg	6fc0140ab8415454f6357faa64b2e532.Wr_OldText.3.lines.gt.json
fd5a53f8130c801c29d2daba0e53258c.Wr_OldText.0.img.jpg	fd5a53f8130c801c29d2daba0e53258c.Wr_OldText.0.lines.gt.json
8475f048dcef002e4a543d596c405db3.Wr_OldText.1.img.jpg	8475f048dcef002e4a543d596c405db3.Wr_OldText.1.lines.gt.json
2fc25cbdc0096345f03f3993d0c7b01b.Wr_OldText.5.img.jpg	2fc25cbdc0096345f03f3993d0c7b01b.Wr_OldText.5.lines.gt.json
151ad399fddba0604351ddec1ac46258.Wr_OldText.2.img.jpg	151ad399fddba0604351ddec1ac46258.Wr_OldText.2.lines.gt.json
2ac6ee1db52720383c3c332e44a4ab6b.Wr_OldText.2.img.jpg	2ac6ee1db52720383c3c332e44a4ab6b.Wr_OldText.2.lines.gt.json
3722863ebd806b47d6336bb66817a21e.Wr_OldText.0.img.jpg	3722863ebd806b47d6336bb66817a21e.Wr_OldText.0.lines.gt.json
03af8a237981d7895828945a6a74d001.Wr_OldText.3.img.jpg	03af8a237981d7895828945a6a74d001.Wr_OldText.3.lines.gt.json
1f397a2097839e766a302db82581c256.Wr_OldText.2.img.jpg	1f397a2097839e766a302db82581c256.Wr_OldText.2.lines.gt.json
47119ab8e5af2aadcc6f9106ce1d5350.Wr_OldText.9.img.jpg	47119ab8e5af2aadcc6f9106ce1d5350.Wr_OldText.9.lines.gt.json
adc4f92e7e8382aeaa0c453ced2f0281.Wr_OldText.0.img.jpg	adc4f92e7e8382aeaa0c453ced2f0281.Wr_OldText.0.lines.gt.json
bbec6baea2b142307da1aa0e446abb74.Wr_OldText.2.img.jpg	bbec6baea2b142307da1aa0e446abb74.Wr_OldText.2.lines.gt.json
556109a40a589b8d00544f79c74e754d.Wr_OldText.2.img.jpg	556109a40a589b8d00544f79c74e754d.Wr_OldText.2.lines.gt.json
791f328313d65fd05716a237b8d40044.Wr_OldText.2.img.jpg	791f328313d65fd05716a237b8d40044.Wr_OldText.2.lines.gt.json
d1b2349c3dd40c0bc6774730dec11180.Wr_OldText.4.img.jpg	d1b2349c3dd40c0bc6774730dec11180.Wr_OldText.4.lines.gt.json
418f00bb601dc59e761a23cb73540ee1.Wr_OldText.1.img.jpg	418f00bb601dc59e761a23cb73540ee1.Wr_OldText.1.lines.gt.json
077357fedd82b74ad878a827c3e7dc8b.Wr_OldText.5.img.jpg	077357fedd82b74ad878a827c3e7dc8b.Wr_OldText.5.lines.gt.json
af31e4ac95752e29d4adec61fd824d10.Wr_OldText.3.img.jpg	af31e4ac95752e29d4adec61fd824d10.Wr_OldText.3.lines.gt.json
ac8fb143bd4ee431b33c2725d00d5efa.Wr_OldText.0.img.jpg	ac8fb143bd4ee431b33c2725d00d5efa.Wr_OldText.0.lines.gt.json
1b8c2b56e20f28c5b0108b0251c4063c.Wr_OldText.2.img.jpg	1b8c2b56e20f28c5b0108b0251c4063c.Wr_OldText.2.lines.gt.json
d3b1de82ed945719eea66349305431a4.Wr_OldText.1.img.jpg	d3b1de82ed945719eea66349305431a4.Wr_OldText.1.lines.gt.json
37f17368f619716255cb7387e23d2698.Wr_OldText.2.img.jpg	37f17368f619716255cb7387e23d2698.Wr_OldText.2.lines.gt.json
36c8cc69bcfd2a1b4b64111fa6b8a4e0.Wr_OldText.5.img.jpg	36c8cc69bcfd2a1b4b64111fa6b8a4e0.Wr_OldText.5.lines.gt.json
c8571980cce206600790dc0603bc9940.Wr_OldText.7.img.jpg	c8571980cce206600790dc0603bc9940.Wr_OldText.7.lines.gt.json
0c7c5570a9ee3dace1fc4a5bd674ae15.Wr_OldText.7.img.jpg	0c7c5570a9ee3dace1fc4a5bd674ae15.Wr_OldText.7.lines.gt.json
0a1b7eec17fa4a310e384819addf1c4d.Wr_OldText.2.img.jpg	0a1b7eec17fa4a310e384819addf1c4d.Wr_OldText.2.lines.gt.json
4f7ece15c65e438c833413740578087c.Wr_OldText.1.img.jpg	4f7ece15c65e438c833413740578087c.Wr_OldText.1.lines.gt.json
11d405a8258d74150fbb342024514391.Wr_OldText.3.img.jpg	11d405a8258d74150fbb342024514391.Wr_OldText.3.lines.gt.json
6d847bbdfa197d0ca814b598850a31dc.Wr_OldText.0.img.jpg	6d847bbdfa197d0ca814b598850a31dc.Wr_OldText.0.lines.gt.json
0e25b9d8ba330fc5e33ee698857ecff5.Wr_OldText.2.img.jpg	0e25b9d8ba330fc5e33ee698857ecff5.Wr_OldText.2.lines.gt.json
4cf07429215d5af9e3ff8ac141d6d68a.Wr_OldText.5.img.jpg	4cf07429215d5af9e3ff8ac141d6d68a.Wr_OldText.5.lines.gt.json
1efd23dfe1bc8f66b0b15370e3d45795.Wr_OldText.0.img.jpg	1efd23dfe1bc8f66b0b15370e3d45795.Wr_OldText.0.lines.gt.json
541f418e1daa33704a243528f8b438e1.Wr_OldText.1.img.jpg	541f418e1daa33704a243528f8b438e1.Wr_OldText.1.lines.gt.json
19641cc5464f52c834480963f8eef279.Wr_OldText.4.img.jpg	19641cc5464f52c834480963f8eef279.Wr_OldText.4.lines.gt.json
e59b2e47ff604de66cc6415542cfda72.Wr_OldText.3.img.jpg	e59b2e47ff604de66cc6415542cfda72.Wr_OldText.3.lines.gt.json
98e67af28b252218657c26767c501cc1.Wr_OldText.4.img.jpg	98e67af28b252218657c26767c501cc1.Wr_OldText.4.lines.gt.json
395a75267a4911d2bd826147ff2ed1c3.Wr_OldText.5.img.jpg	395a75267a4911d2bd826147ff2ed1c3.Wr_OldText.5.lines.gt.json
f0efaa921631ed4b94c5a852d30dd23b.Wr_OldText.4.img.jpg	f0efaa921631ed4b94c5a852d30dd23b.Wr_OldText.4.lines.gt.json
4e3f0a40438cb9f4083990f0eb51db98.Wr_OldText.4.img.jpg	4e3f0a40438cb9f4083990f0eb51db98.Wr_OldText.4.lines.gt.json
6b92a04a27f34f671853e195d983f2ff.Wr_OldText.2.img.jpg	6b92a04a27f34f671853e195d983f2ff.Wr_OldText.2.lines.gt.json
8879b2ffc926238a8f372431729c865a.Wr_OldText.1.img.jpg	8879b2ffc926238a8f372431729c865a.Wr_OldText.1.lines.gt.json
a8b9d2f2b029618fd87715a553e1be83.Wr_OldText.7.img.jpg	a8b9d2f2b029618fd87715a553e1be83.Wr_OldText.7.lines.gt.json
7aa2dd5aaf6fc8b034b6274983e6c993.Wr_OldText.0.img.jpg	7aa2dd5aaf6fc8b034b6274983e6c993.Wr_OldText.0.lines.gt.json
84e3d8da5695a3cf7c58256dc98d511f.Wr_OldText.2.img.jpg	84e3d8da5695a3cf7c58256dc98d511f.Wr_OldText.2.lines.gt.json
15fbc88c7a044848af49ee6b789b2508.Wr_OldText.8.img.jpg	15fbc88c7a044848af49ee6b789b2508.Wr_OldText.8.lines.gt.json
d7b240a671e04065415fe1a7c478a1f8.Wr_OldText.4.img.jpg	d7b240a671e04065415fe1a7c478a1f8.Wr_OldText.4.lines.gt.json
80c78fa42f9d39a8504f01b87c46d7ec.Wr_OldText.1.img.jpg	80c78fa42f9d39a8504f01b87c46d7ec.Wr_OldText.1.lines.gt.json
168205ab8ab89e7fc422d966e3578ce9.Wr_OldText.0.img.jpg	168205ab8ab89e7fc422d966e3578ce9.Wr_OldText.0.lines.gt.json
1996b5dbb8a7aba8dfa3cc635901bd02.Wr_OldText.2.img.jpg	1996b5dbb8a7aba8dfa3cc635901bd02.Wr_OldText.2.lines.gt.json
39b06f79daafe215cec31b03a5fc5e3b.Wr_OldText.1.img.jpg	39b06f79daafe215cec31b03a5fc5e3b.Wr_OldText.1.lines.gt.json
4fdfd65e2dd0bd50c9c9a7ff0d5516e7.Wr_OldText.0.img.jpg	4fdfd65e2dd0bd50c9c9a7ff0d5516e7.Wr_OldText.0.lines.gt.json
78c04cc75927a1a83ddc9632dc78fb6e.Wr_OldText.2.img.jpg	78c04cc75927a1a83ddc9632dc78fb6e.Wr_OldText.2.lines.gt.json
2d70a79d0fdaa80cbf94aa39982017ab.Wr_OldText.3.img.jpg	2d70a79d0fdaa80cbf94aa39982017ab.Wr_OldText.3.lines.gt.json
8732d680fce3eee0e1580798d37fb3a8.Wr_OldText.4.img.jpg	8732d680fce3eee0e1580798d37fb3a8.Wr_OldText.4.lines.gt.json
d22cb74ff15ca5829270e9b8e18270d3.Wr_OldText.1.img.jpg	d22cb74ff15ca5829270e9b8e18270d3.Wr_OldText.1.lines.gt.json
65dcae117d6dfe53c0d244b6fb84c3e7.Wr_OldText.3.img.jpg	65dcae117d6dfe53c0d244b6fb84c3e7.Wr_OldText.3.lines.gt.json
30274a06ec50f68237ea13d66f7ff7eb.Wr_OldText.7.img.jpg	30274a06ec50f68237ea13d66f7ff7eb.Wr_OldText.7.lines.gt.json
78c04cc75927a1a83ddc9632dc78fb6e.Wr_OldText.6.img.jpg	78c04cc75927a1a83ddc9632dc78fb6e.Wr_OldText.6.lines.gt.json
807b3f2c4bed61c7994a34ac784a84bc.Wr_OldText.1.img.jpg	807b3f2c4bed61c7994a34ac784a84bc.Wr_OldText.1.lines.gt.json
99d808a952c0870ceb7a237456d6b7a3.Wr_OldText.3.img.jpg	99d808a952c0870ceb7a237456d6b7a3.Wr_OldText.3.lines.gt.json
e80ffa622fd096983bef2adec30a4ea1.Wr_OldText.5.img.jpg	e80ffa622fd096983bef2adec30a4ea1.Wr_OldText.5.lines.gt.json
ace5265ce4d051e032039dc8e895741c.Wr_OldText.4.img.jpg	ace5265ce4d051e032039dc8e895741c.Wr_OldText.4.lines.gt.json
227a0ae8d4091b9ae155d2ed3ab97fdb.Wr_OldText.2.img.jpg	227a0ae8d4091b9ae155d2ed3ab97fdb.Wr_OldText.2.lines.gt.json
313dfcf5cda1a545c09d650719bdd549.Wr_OldText.2.img.jpg	313dfcf5cda1a545c09d650719bdd549.Wr_OldText.2.lines.gt.json
05180504f4744e5652ef02d26fb773f0.Wr_OldText.0.img.jpg	05180504f4744e5652ef02d26fb773f0.Wr_OldText.0.lines.gt.json
903f53f0822d3f7d6346f4c55aeb9610.Wr_OldText.1.img.jpg	903f53f0822d3f7d6346f4c55aeb9610.Wr_OldText.1.lines.gt.json
79de35f41894c812418d92ce21c90bdc.Wr_OldText.1.img.jpg	79de35f41894c812418d92ce21c90bdc.Wr_OldText.1.lines.gt.json
9cbea3ffcfc66dd3b68123d0eb98bd71.Wr_OldText.5.img.jpg	9cbea3ffcfc66dd3b68123d0eb98bd71.Wr_OldText.5.lines.gt.json
ef0047606f30b9eee83656bca03fb810.Wr_OldText.3.img.jpg	ef0047606f30b9eee83656bca03fb810.Wr_OldText.3.lines.gt.json
005fcdcbdd900e7dcd8d430238e9e20e.Wr_OldText.5.img.jpg	005fcdcbdd900e7dcd8d430238e9e20e.Wr_OldText.5.lines.gt.json
84bcf5e756ec5090f56d6ac84530f7b0.Wr_OldText.0.img.jpg	84bcf5e756ec5090f56d6ac84530f7b0.Wr_OldText.0.lines.gt.json
0f907e05e9ffd14f8e29ebbbf606800d.Wr_OldText.6.img.jpg	0f907e05e9ffd14f8e29ebbbf606800d.Wr_OldText.6.lines.gt.json
f3e430067fba7f09e6914bde02c4fea2.Wr_OldText.4.img.jpg	f3e430067fba7f09e6914bde02c4fea2.Wr_OldText.4.lines.gt.json
4cc72c7aac48ff526ed3aa1ca9833007.Wr_OldText.3.img.jpg	4cc72c7aac48ff526ed3aa1ca9833007.Wr_OldText.3.lines.gt.json
f78ff74967b809622bb2806bec4e9b02.Wr_OldText.9.img.jpg	f78ff74967b809622bb2806bec4e9b02.Wr_OldText.9.lines.gt.json
cdfcaffe341dc2b57bb4c79387f43daa.Wr_OldText.2.img.jpg	cdfcaffe341dc2b57bb4c79387f43daa.Wr_OldText.2.lines.gt.json
f2df7e7309e8e814f7f1245cce2fe3e2.Wr_OldText.4.img.jpg	f2df7e7309e8e814f7f1245cce2fe3e2.Wr_OldText.4.lines.gt.json
f0d138426b37ab3d9f2d9974ffdfdcc0.Wr_OldText.3.img.jpg	f0d138426b37ab3d9f2d9974ffdfdcc0.Wr_OldText.3.lines.gt.json
8e7cfea06edfe28886c40ffef2019a17.Wr_OldText.2.img.jpg	8e7cfea06edfe28886c40ffef2019a17.Wr_OldText.2.lines.gt.json
a27998c54ae5b23e7e852d92929b9ec1.Wr_OldText.4.img.jpg	a27998c54ae5b23e7e852d92929b9ec1.Wr_OldText.4.lines.gt.json
f13aae6ebb928ea10139e07deef9743f.Wr_OldText.6.img.jpg	f13aae6ebb928ea10139e07deef9743f.Wr_OldText.6.lines.gt.json
6ba940b39b18f122f642fa1b1bcb0004.Wr_OldText.3.img.jpg	6ba940b39b18f122f642fa1b1bcb0004.Wr_OldText.3.lines.gt.json
aaa585911ff4c25988f9a92ab94d5e75.Wr_OldText.0.img.jpg	aaa585911ff4c25988f9a92ab94d5e75.Wr_OldText.0.lines.gt.json
bc8ccff5aa42d6a5c9623b806fa31ee4.Wr_OldText.2.img.jpg	bc8ccff5aa42d6a5c9623b806fa31ee4.Wr_OldText.2.lines.gt.json
b5ad2d36180202d60fd185bdf81e2906.Wr_OldText.1.img.jpg	b5ad2d36180202d60fd185bdf81e2906.Wr_OldText.1.lines.gt.json
cc0042c64959bf148feab455e47a938a.Wr_OldText.2.img.jpg	cc0042c64959bf148feab455e47a938a.Wr_OldText.2.lines.gt.json
8e6c35a0dec1620006da1ae9594c99b7.Wr_OldText.4.img.jpg	8e6c35a0dec1620006da1ae9594c99b7.Wr_OldText.4.lines.gt.json
93e7ba7a7af94980e8be3ed083aa5532.Wr_OldText.4.img.jpg	93e7ba7a7af94980e8be3ed083aa5532.Wr_OldText.4.lines.gt.json
eff1d7398c889d3eed9a96b2218b1ecb.Wr_OldText.6.img.jpg	eff1d7398c889d3eed9a96b2218b1ecb.Wr_OldText.6.lines.gt.json
621e20821698411e7d1d65df42d1311d.Wr_OldText.4.img.jpg	621e20821698411e7d1d65df42d1311d.Wr_OldText.4.lines.gt.json
e5ba957b28373fdea6f6a796ee0e200c.Wr_OldText.3.img.jpg	e5ba957b28373fdea6f6a796ee0e200c.Wr_OldText.3.lines.gt.json
6190c8aa157ff0ccbe7576214680c4af.Wr_OldText.6.img.jpg	6190c8aa157ff0ccbe7576214680c4af.Wr_OldText.6.lines.gt.json
fd52075b4fa2aad894ce563ff676c582.Wr_OldText.1.img.jpg	fd52075b4fa2aad894ce563ff676c582.Wr_OldText.1.lines.gt.json
efffaca7441f51704d91f9444e972d34.Wr_OldText.1.img.jpg	efffaca7441f51704d91f9444e972d34.Wr_OldText.1.lines.gt.json
ed0c1de9ba9a2a390a0274637a62dcce.Wr_OldText.3.img.jpg	ed0c1de9ba9a2a390a0274637a62dcce.Wr_OldText.3.lines.gt.json
493a384d7ca16c3c2e80826151d4d1bf.Wr_OldText.3.img.jpg	493a384d7ca16c3c2e80826151d4d1bf.Wr_OldText.3.lines.gt.json
a956a4ad1e6c42a5d0315d9016154e4a.Wr_OldText.5.img.jpg	a956a4ad1e6c42a5d0315d9016154e4a.Wr_OldText.5.lines.gt.json
9447d9522b26564a056e6112d70ac16c.Wr_OldText.3.img.jpg	9447d9522b26564a056e6112d70ac16c.Wr_OldText.3.lines.gt.json
184ebe0a8d17497ab23493e591f1c243.Wr_OldText.0.img.jpg	184ebe0a8d17497ab23493e591f1c243.Wr_OldText.0.lines.gt.json
15b439de6776a8d60332f494c2989eb9.Wr_OldText.3.img.jpg	15b439de6776a8d60332f494c2989eb9.Wr_OldText.3.lines.gt.json
794f5cb90aa04f23d8a4bf4fe125fcf6.Wr_OldText.1.img.jpg	794f5cb90aa04f23d8a4bf4fe125fcf6.Wr_OldText.1.lines.gt.json
17050dab27b3710efe00c65fd902563c.Wr_OldText.7.img.jpg	17050dab27b3710efe00c65fd902563c.Wr_OldText.7.lines.gt.json
d16528060fb35c3963ec0303cb40bb37.Wr_OldText.2.img.jpg	d16528060fb35c3963ec0303cb40bb37.Wr_OldText.2.lines.gt.json
56403931340bc732acf6aa82ff8c21e8.Wr_OldText.4.img.jpg	56403931340bc732acf6aa82ff8c21e8.Wr_OldText.4.lines.gt.json
ef04f6fa6760352bc6176aafe43ef998.Wr_OldText.2.img.jpg	ef04f6fa6760352bc6176aafe43ef998.Wr_OldText.2.lines.gt.json
edfa214144162b6cac93e4c618ac6e86.Wr_OldText.3.img.jpg	edfa214144162b6cac93e4c618ac6e86.Wr_OldText.3.lines.gt.json
46663ad27a4c5367397177c6ceeda6ea.Wr_OldText.1.img.jpg	46663ad27a4c5367397177c6ceeda6ea.Wr_OldText.1.lines.gt.json
d88dd98c51e0134a188492031ec61039.Wr_OldText.4.img.jpg	d88dd98c51e0134a188492031ec61039.Wr_OldText.4.lines.gt.json
784e9d18d0e7a672d795129f8569b1f5.Wr_OldText.3.img.jpg	784e9d18d0e7a672d795129f8569b1f5.Wr_OldText.3.lines.gt.json
403e219f3f3bc1ee5ffe933af1b45127.Wr_OldText.7.img.jpg	403e219f3f3bc1ee5ffe933af1b45127.Wr_OldText.7.lines.gt.json
04b61c56b3af7e35096ae07c8002c19a.Wr_OldText.6.img.jpg	04b61c56b3af7e35096ae07c8002c19a.Wr_OldText.6.lines.gt.json
835aeaaa4050daed7d05ef38935f3f54.Wr_OldText.5.img.jpg	835aeaaa4050daed7d05ef38935f3f54.Wr_OldText.5.lines.gt.json
001453d4a3a8858729a024070dd8394c.Wr_OldText.5.img.jpg	001453d4a3a8858729a024070dd8394c.Wr_OldText.5.lines.gt.json
63121110aa3ca57c1b89bf79e157cdec.Wr_OldText.3.img.jpg	63121110aa3ca57c1b89bf79e157cdec.Wr_OldText.3.lines.gt.json
6d14b32f943c05739c21543acdb9315e.Wr_OldText.0.img.jpg	6d14b32f943c05739c21543acdb9315e.Wr_OldText.0.lines.gt.json
ed4bb5eca245d913840ecb0224dbc303.Wr_OldText.1.img.jpg	ed4bb5eca245d913840ecb0224dbc303.Wr_OldText.1.lines.gt.json
7f8eaca57afc8724f6667164cf582a6a.Wr_OldText.2.img.jpg	7f8eaca57afc8724f6667164cf582a6a.Wr_OldText.2.lines.gt.json
4672af170bf2b92e120fb377b3083545.Wr_OldText.11.img.jpg	4672af170bf2b92e120fb377b3083545.Wr_OldText.11.lines.gt.json
6fb2da82f5c99f398d5558a061c4f01f.Wr_OldText.1.img.jpg	6fb2da82f5c99f398d5558a061c4f01f.Wr_OldText.1.lines.gt.json
91fd2c7af5881e980452f700922095b8.Wr_OldText.1.img.jpg	91fd2c7af5881e980452f700922095b8.Wr_OldText.1.lines.gt.json
591e0762397178ee89e4c8b356be0da3.Wr_OldText.3.img.jpg	591e0762397178ee89e4c8b356be0da3.Wr_OldText.3.lines.gt.json
9e168d1c7667dde1107455809226a846.Wr_OldText.0.img.jpg	9e168d1c7667dde1107455809226a846.Wr_OldText.0.lines.gt.json
c143f758141c2cb9add122a606ccc8e5.Wr_OldText.5.img.jpg	c143f758141c2cb9add122a606ccc8e5.Wr_OldText.5.lines.gt.json
f4ec2d99a96f45cf45fd6b98cb42b8a1.Wr_OldText.3.img.jpg	f4ec2d99a96f45cf45fd6b98cb42b8a1.Wr_OldText.3.lines.gt.json
2fdc46a64171e3e4639ea7b3a74421ad.Wr_OldText.2.img.jpg	2fdc46a64171e3e4639ea7b3a74421ad.Wr_OldText.2.lines.gt.json
829813a4053e9b9bd52474e6bca0ddd3.Wr_OldText.5.img.jpg	829813a4053e9b9bd52474e6bca0ddd3.Wr_OldText.5.lines.gt.json
3820d2c229ad0710e7973f579bd7acac.Wr_OldText.3.img.jpg	3820d2c229ad0710e7973f579bd7acac.Wr_OldText.3.lines.gt.json
5110377560ef5596c77735e974fa339f.Wr_OldText.2.img.jpg	5110377560ef5596c77735e974fa339f.Wr_OldText.2.lines.gt.json
3b2a70b8f44c05cd4d2c3d07b132635b.Wr_OldText.1.img.jpg	3b2a70b8f44c05cd4d2c3d07b132635b.Wr_OldText.1.lines.gt.json
63b9f2c9a45e15369f407ea578c781c6.Wr_OldText.1.img.jpg	63b9f2c9a45e15369f407ea578c781c6.Wr_OldText.1.lines.gt.json
64b4d95bf557cc40556f486d815190e3.Wr_OldText.2.img.jpg	64b4d95bf557cc40556f486d815190e3.Wr_OldText.2.lines.gt.json
9071f6e2317ff5ecb70c41ea433df36a.Wr_OldText.2.img.jpg	9071f6e2317ff5ecb70c41ea433df36a.Wr_OldText.2.lines.gt.json
f4f49d989b4841e6d01d4389332e1636.Wr_OldText.9.img.jpg	f4f49d989b4841e6d01d4389332e1636.Wr_OldText.9.lines.gt.json
3da709ffb9d3cf287b15e2910afe2a2c.Wr_OldText.2.img.jpg	3da709ffb9d3cf287b15e2910afe2a2c.Wr_OldText.2.lines.gt.json
e99ffb1990df29c5f0a475fc34c60bfe.Wr_OldText.3.img.jpg	e99ffb1990df29c5f0a475fc34c60bfe.Wr_OldText.3.lines.gt.json
1b390955e4956d6209271b30d5a119ee.Wr_OldText.4.img.jpg	1b390955e4956d6209271b30d5a119ee.Wr_OldText.4.lines.gt.json
9ff8262ad193cb0c27e4ea89f1b621a2.Wr_OldText.3.img.jpg	9ff8262ad193cb0c27e4ea89f1b621a2.Wr_OldText.3.lines.gt.json
e88df5d6a76190793523fe7af3925c83.Wr_OldText.1.img.jpg	e88df5d6a76190793523fe7af3925c83.Wr_OldText.1.lines.gt.json
0a6ddf5d452419730edf54e52bd2f320.Wr_OldText.1.img.jpg	0a6ddf5d452419730edf54e52bd2f320.Wr_OldText.1.lines.gt.json
55f8ae00c24b6e8e6e519b3910e935f7.Wr_OldText.3.img.jpg	55f8ae00c24b6e8e6e519b3910e935f7.Wr_OldText.3.lines.gt.json
bda734739bf5f8669a228b7594a3afc2.Wr_OldText.1.img.jpg	bda734739bf5f8669a228b7594a3afc2.Wr_OldText.1.lines.gt.json
9371fe03618ad546ca60036c7ccd6c03.Wr_OldText.2.img.jpg	9371fe03618ad546ca60036c7ccd6c03.Wr_OldText.2.lines.gt.json
357a571f50c9ee90cda638b60d22def2.Wr_OldText.2.img.jpg	357a571f50c9ee90cda638b60d22def2.Wr_OldText.2.lines.gt.json
a33d87e865d5f40b148d124fb8d44378.Wr_OldText.2.img.jpg	a33d87e865d5f40b148d124fb8d44378.Wr_OldText.2.lines.gt.json
f6dcaf26774d5cdc3adf046feefc3551.Wr_OldText.2.img.jpg	f6dcaf26774d5cdc3adf046feefc3551.Wr_OldText.2.lines.gt.json
dcda7c86e04f4212d8769fc96e7bf867.Wr_OldText.3.img.jpg	dcda7c86e04f4212d8769fc96e7bf867.Wr_OldText.3.lines.gt.json
96f40738c4a9f505d876b27736f6d3cd.Wr_OldText.1.img.jpg	96f40738c4a9f505d876b27736f6d3cd.Wr_OldText.1.lines.gt.json
3a092d1822dc0658abbaf4dcb76873b8.Wr_OldText.5.img.jpg	3a092d1822dc0658abbaf4dcb76873b8.Wr_OldText.5.lines.gt.json
c43e5b9c1373f7d82be08f936a9ebd40.Wr_OldText.1.img.jpg	c43e5b9c1373f7d82be08f936a9ebd40.Wr_OldText.1.lines.gt.json
2a2757efb2908a963f67707f863b5870.Wr_OldText.3.img.jpg	2a2757efb2908a963f67707f863b5870.Wr_OldText.3.lines.gt.json
95276f4dbd43b48ce20a593c7901c063.Wr_OldText.4.img.jpg	95276f4dbd43b48ce20a593c7901c063.Wr_OldText.4.lines.gt.json
3e5295d8a4ad6670b7520f52ab91caea.Wr_OldText.3.img.jpg	3e5295d8a4ad6670b7520f52ab91caea.Wr_OldText.3.lines.gt.json
5096134842640c94bb7f89ed5c015da6.Wr_OldText.6.img.jpg	5096134842640c94bb7f89ed5c015da6.Wr_OldText.6.lines.gt.json
0886a77d9e3b1a445a72241a2090c763.Wr_OldText.8.img.jpg	0886a77d9e3b1a445a72241a2090c763.Wr_OldText.8.lines.gt.json
08b1549577c57868c31b084da26eb1ce.Wr_OldText.1.img.jpg	08b1549577c57868c31b084da26eb1ce.Wr_OldText.1.lines.gt.json
8d0feaf8357676e68551b2fdd2fa4baf.Wr_OldText.3.img.jpg	8d0feaf8357676e68551b2fdd2fa4baf.Wr_OldText.3.lines.gt.json
e71af3b2451798644d406991675f9b4e.Wr_OldText.1.img.jpg	e71af3b2451798644d406991675f9b4e.Wr_OldText.1.lines.gt.json
90664b47cfa3a79e4231cfd6b9c15ac4.Wr_OldText.1.img.jpg	90664b47cfa3a79e4231cfd6b9c15ac4.Wr_OldText.1.lines.gt.json
8b744fb9885fe4f105ca7e2814b0f3cf.Wr_OldText.0.img.jpg	8b744fb9885fe4f105ca7e2814b0f3cf.Wr_OldText.0.lines.gt.json
7c449fb2fa269fcc0d01751dd34ab8ac.Wr_OldText.3.img.jpg	7c449fb2fa269fcc0d01751dd34ab8ac.Wr_OldText.3.lines.gt.json
14215134712cac42fd751b512e5449de.Wr_OldText.2.img.jpg	14215134712cac42fd751b512e5449de.Wr_OldText.2.lines.gt.json
c121b2bed8a0987f941f59a12b64f221.Wr_OldText.1.img.jpg	c121b2bed8a0987f941f59a12b64f221.Wr_OldText.1.lines.gt.json
285f7c9bb220ef866d3192af014ccfe6.Wr_OldText.1.img.jpg	285f7c9bb220ef866d3192af014ccfe6.Wr_OldText.1.lines.gt.json
695f4f3c046ac69db5b8e953a700d916.Wr_OldText.2.img.jpg	695f4f3c046ac69db5b8e953a700d916.Wr_OldText.2.lines.gt.json
222b3a39a1dfda9a0b4fc0778eab6eb3.Wr_OldText.2.img.jpg	222b3a39a1dfda9a0b4fc0778eab6eb3.Wr_OldText.2.lines.gt.json
6af6bbb8f5fcf85cd60f0f7a5abf1ea1.Wr_OldText.2.img.jpg	6af6bbb8f5fcf85cd60f0f7a5abf1ea1.Wr_OldText.2.lines.gt.json
3e0432f1a748cabfb3a9423393ad6218.Wr_OldText.1.img.jpg	3e0432f1a748cabfb3a9423393ad6218.Wr_OldText.1.lines.gt.json
e2f80b1baf1793e4ec7aeb601ad378e8.Wr_OldText.3.img.jpg	e2f80b1baf1793e4ec7aeb601ad378e8.Wr_OldText.3.lines.gt.json
a331d9179e4607772c7183ea007571d8.Wr_OldText.1.img.jpg	a331d9179e4607772c7183ea007571d8.Wr_OldText.1.lines.gt.json
03054cf614335c896513ed74df4d87ff.Wr_OldText.6.img.jpg	03054cf614335c896513ed74df4d87ff.Wr_OldText.6.lines.gt.json
46411d064392348cb4ced56c54c50a71.Wr_OldText.3.img.jpg	46411d064392348cb4ced56c54c50a71.Wr_OldText.3.lines.gt.json
3d49f5bf3f1fea33439ce9419ca5f1fb.Wr_OldText.2.img.jpg	3d49f5bf3f1fea33439ce9419ca5f1fb.Wr_OldText.2.lines.gt.json
8dfae1824a55bb9d25cbcfca2bf6df3f.Wr_OldText.3.img.jpg	8dfae1824a55bb9d25cbcfca2bf6df3f.Wr_OldText.3.lines.gt.json
f4ffc4735d480f0d87ef93d6827e8917.Wr_OldText.2.img.jpg	f4ffc4735d480f0d87ef93d6827e8917.Wr_OldText.2.lines.gt.json
03054cf614335c896513ed74df4d87ff.Wr_OldText.9.img.jpg	03054cf614335c896513ed74df4d87ff.Wr_OldText.9.lines.gt.json
403e219f3f3bc1ee5ffe933af1b45127.Wr_OldText.6.img.jpg	403e219f3f3bc1ee5ffe933af1b45127.Wr_OldText.6.lines.gt.json
4815a95d430542d42f2037d80815487d.Wr_OldText.2.img.jpg	4815a95d430542d42f2037d80815487d.Wr_OldText.2.lines.gt.json
c38d7c6bf3c3aa5c6652ee7533a22996.Wr_OldText.1.img.jpg	c38d7c6bf3c3aa5c6652ee7533a22996.Wr_OldText.1.lines.gt.json
f1ea2db678e04f513d2238604c73839f.Wr_OldText.0.img.jpg	f1ea2db678e04f513d2238604c73839f.Wr_OldText.0.lines.gt.json
357c3afb1b19c7edbf44529c421535f0.Wr_OldText.3.img.jpg	357c3afb1b19c7edbf44529c421535f0.Wr_OldText.3.lines.gt.json
9495d186aefdbc2e0299f902eb4d4afb.Wr_OldText.2.img.jpg	9495d186aefdbc2e0299f902eb4d4afb.Wr_OldText.2.lines.gt.json
83070737da526fc93ef9c1445bb6126c.Wr_OldText.3.img.jpg	83070737da526fc93ef9c1445bb6126c.Wr_OldText.3.lines.gt.json
0e902aef7fc19b1a6bd0b0853cc7576d.Wr_OldText.2.img.jpg	0e902aef7fc19b1a6bd0b0853cc7576d.Wr_OldText.2.lines.gt.json
a4f96b7194f2b2dc787c752a78cad82e.Wr_OldText.2.img.jpg	a4f96b7194f2b2dc787c752a78cad82e.Wr_OldText.2.lines.gt.json
35d416cd3a451dc046278fc5bdf1aabd.Wr_OldText.3.img.jpg	35d416cd3a451dc046278fc5bdf1aabd.Wr_OldText.3.lines.gt.json
d80249c0343330740e3be6ef78721d7d.Wr_OldText.3.img.jpg	d80249c0343330740e3be6ef78721d7d.Wr_OldText.3.lines.gt.json
cc29aa3dfb010e71d527917d4b6cb8b5.Wr_OldText.5.img.jpg	cc29aa3dfb010e71d527917d4b6cb8b5.Wr_OldText.5.lines.gt.json
d3b2c24f881aa25d3d9a363f9cb588d4.Wr_OldText.3.img.jpg	d3b2c24f881aa25d3d9a363f9cb588d4.Wr_OldText.3.lines.gt.json
52b11f75573009acc4b9ac998db6a488.Wr_OldText.2.img.jpg	52b11f75573009acc4b9ac998db6a488.Wr_OldText.2.lines.gt.json
ce7ac84391bd291ad9bab54d0f1e4198.Wr_OldText.0.img.jpg	ce7ac84391bd291ad9bab54d0f1e4198.Wr_OldText.0.lines.gt.json
f2e8e2f0623677202cff5cf0d3a6cb2c.Wr_OldText.0.img.jpg	f2e8e2f0623677202cff5cf0d3a6cb2c.Wr_OldText.0.lines.gt.json
7157c4aa7e540053419dbf1bdaec42a0.Wr_OldText.1.img.jpg	7157c4aa7e540053419dbf1bdaec42a0.Wr_OldText.1.lines.gt.json
5f2b10a643d000e20c679db8488694b6.Wr_OldText.5.img.jpg	5f2b10a643d000e20c679db8488694b6.Wr_OldText.5.lines.gt.json
a67de2f1447265161b66e2e0467b0b7f.Wr_OldText.3.img.jpg	a67de2f1447265161b66e2e0467b0b7f.Wr_OldText.3.lines.gt.json
8cacc74fb22927a0ac787893ea13a3f9.Wr_OldText.4.img.jpg	8cacc74fb22927a0ac787893ea13a3f9.Wr_OldText.4.lines.gt.json
a323321e91812c85f9b11123534c335d.Wr_OldText.4.img.jpg	a323321e91812c85f9b11123534c335d.Wr_OldText.4.lines.gt.json
9bde06a84833576b4027ae6331553753.Wr_OldText.1.img.jpg	9bde06a84833576b4027ae6331553753.Wr_OldText.1.lines.gt.json
4de0afb74d5b34b090ac722bca32b121.Wr_OldText.3.img.jpg	4de0afb74d5b34b090ac722bca32b121.Wr_OldText.3.lines.gt.json
f91c65dd8e4513686decb137aa7ae877.Wr_OldText.4.img.jpg	f91c65dd8e4513686decb137aa7ae877.Wr_OldText.4.lines.gt.json
11ca8b46df36de9d649fa4fc9ee528ec.Wr_OldText.4.img.jpg	11ca8b46df36de9d649fa4fc9ee528ec.Wr_OldText.4.lines.gt.json
af5072949de80d6efa7a81d018dfe8f4.Wr_OldText.0.img.jpg	af5072949de80d6efa7a81d018dfe8f4.Wr_OldText.0.lines.gt.json
b325c4607f4fb28512f92345f3bed92d.Wr_OldText.0.img.jpg	b325c4607f4fb28512f92345f3bed92d.Wr_OldText.0.lines.gt.json
51054649e406f3cba8d5d791c37dc79f.Wr_OldText.3.img.jpg	51054649e406f3cba8d5d791c37dc79f.Wr_OldText.3.lines.gt.json
f99503eec8af97a404b5ea644a51ab46.Wr_OldText.2.img.jpg	f99503eec8af97a404b5ea644a51ab46.Wr_OldText.2.lines.gt.json
903764137afcbc7e565f29515906985e.Wr_OldText.2.img.jpg	903764137afcbc7e565f29515906985e.Wr_OldText.2.lines.gt.json
6dc6de8ef55c540858cba835864782ea.Wr_OldText.6.img.jpg	6dc6de8ef55c540858cba835864782ea.Wr_OldText.6.lines.gt.json
484bfdd216ca39ad473859f87c267cc9.Wr_OldText.1.img.jpg	484bfdd216ca39ad473859f87c267cc9.Wr_OldText.1.lines.gt.json
f4c1e8fb263a0b5c9f37523a4fd880f1.Wr_OldText.0.img.jpg	f4c1e8fb263a0b5c9f37523a4fd880f1.Wr_OldText.0.lines.gt.json
e1a308b4f5435c8b1d89ce330a523d8b.Wr_OldText.0.img.jpg	e1a308b4f5435c8b1d89ce330a523d8b.Wr_OldText.0.lines.gt.json
fe8a3f89cee97cd1569c69ec4a11d18d.Wr_OldText.2.img.jpg	fe8a3f89cee97cd1569c69ec4a11d18d.Wr_OldText.2.lines.gt.json
9e84cec6bb65db7e616f604019102418.Wr_OldText.4.img.jpg	9e84cec6bb65db7e616f604019102418.Wr_OldText.4.lines.gt.json
2bb2a75f873be5dafb712ddf3650a530.Wr_OldText.1.img.jpg	2bb2a75f873be5dafb712ddf3650a530.Wr_OldText.1.lines.gt.json
253ff058b8966ec14a22030f26e705be.Wr_OldText.1.img.jpg	253ff058b8966ec14a22030f26e705be.Wr_OldText.1.lines.gt.json
a21e9894477a08fa950a75f68b5e01d6.Wr_OldText.2.img.jpg	a21e9894477a08fa950a75f68b5e01d6.Wr_OldText.2.lines.gt.json
95ec80f2ba86eb31db9496626c64ce05.Wr_OldText.3.img.jpg	95ec80f2ba86eb31db9496626c64ce05.Wr_OldText.3.lines.gt.json
ad187f9d49251b0f80167624f09e931f.Wr_OldText.0.img.jpg	ad187f9d49251b0f80167624f09e931f.Wr_OldText.0.lines.gt.json
8fe09c36464c38d9fc5327b59250d3d8.Wr_OldText.2.img.jpg	8fe09c36464c38d9fc5327b59250d3d8.Wr_OldText.2.lines.gt.json
25e4318c1999c11ca8f197bc2c934321.Wr_OldText.1.img.jpg	25e4318c1999c11ca8f197bc2c934321.Wr_OldText.1.lines.gt.json
87fe60ba72faad99e3b9b327ef1fa1c6.Wr_OldText.5.img.jpg	87fe60ba72faad99e3b9b327ef1fa1c6.Wr_OldText.5.lines.gt.json
4cf0e19c9112bb06b04c15b9b5d8655b.Wr_OldText.4.img.jpg	4cf0e19c9112bb06b04c15b9b5d8655b.Wr_OldText.4.lines.gt.json
2e4206b64cb37364d3306069a9f09aaf.Wr_OldText.5.img.jpg	2e4206b64cb37364d3306069a9f09aaf.Wr_OldText.5.lines.gt.json
7328d4f3dc68fdd2f6cd781b2d99bf8c.Wr_OldText.2.img.jpg	7328d4f3dc68fdd2f6cd781b2d99bf8c.Wr_OldText.2.lines.gt.json
09312d278ce055620a17bee174c9b4cb.Wr_OldText.3.img.jpg	09312d278ce055620a17bee174c9b4cb.Wr_OldText.3.lines.gt.json
4c3be3460d43bc8d16fe5cc9616725c9.Wr_OldText.2.img.jpg	4c3be3460d43bc8d16fe5cc9616725c9.Wr_OldText.2.lines.gt.json
fec1d3d6c0531663ef423e41f36012f5.Wr_OldText.3.img.jpg	fec1d3d6c0531663ef423e41f36012f5.Wr_OldText.3.lines.gt.json
8b286b4d6265b960d411270446e49244.Wr_OldText.2.img.jpg	8b286b4d6265b960d411270446e49244.Wr_OldText.2.lines.gt.json
29b81c66b04492f6ac1f3661ff1918d7.Wr_OldText.3.img.jpg	29b81c66b04492f6ac1f3661ff1918d7.Wr_OldText.3.lines.gt.json
0f8652e624b665b446fe651d7295cd48.Wr_OldText.4.img.jpg	0f8652e624b665b446fe651d7295cd48.Wr_OldText.4.lines.gt.json
d79198438a15b6a174a285d24bf3e6af.Wr_OldText.2.img.jpg	d79198438a15b6a174a285d24bf3e6af.Wr_OldText.2.lines.gt.json
6576b3493702dd3b5bf77bb869398264.Wr_OldText.2.img.jpg	6576b3493702dd3b5bf77bb869398264.Wr_OldText.2.lines.gt.json
d83d0381bd817fc6459cbe8111a3f575.Wr_OldText.3.img.jpg	d83d0381bd817fc6459cbe8111a3f575.Wr_OldText.3.lines.gt.json
4b0b6e6d7c1f48832212b0235c5b1eb8.Wr_OldText.1.img.jpg	4b0b6e6d7c1f48832212b0235c5b1eb8.Wr_OldText.1.lines.gt.json
ffa8cb6acd2d6d7c871413281c2e7224.Wr_OldText.3.img.jpg	ffa8cb6acd2d6d7c871413281c2e7224.Wr_OldText.3.lines.gt.json
8add0f14a731ac0c5704f63749d18303.Wr_OldText.6.img.jpg	8add0f14a731ac0c5704f63749d18303.Wr_OldText.6.lines.gt.json
24ef28d1bd60918a39ab7ca88eb825a3.Wr_OldText.1.img.jpg	24ef28d1bd60918a39ab7ca88eb825a3.Wr_OldText.1.lines.gt.json
f0b82e0151d98366d9f11f6d92fd4b9e.Wr_OldText.2.img.jpg	f0b82e0151d98366d9f11f6d92fd4b9e.Wr_OldText.2.lines.gt.json
e4f4c699628cd5993171134477381a54.Wr_OldText.3.img.jpg	e4f4c699628cd5993171134477381a54.Wr_OldText.3.lines.gt.json
9e0644e1454571aa81ff1ccb5a3e8136.Wr_OldText.0.img.jpg	9e0644e1454571aa81ff1ccb5a3e8136.Wr_OldText.0.lines.gt.json
c55dbab8087bf9f001a06ea5ef1fda2e.Wr_OldText.2.img.jpg	c55dbab8087bf9f001a06ea5ef1fda2e.Wr_OldText.2.lines.gt.json
c81328b4e1a4deb4f9769465c29c9f0c.Wr_OldText.1.img.jpg	c81328b4e1a4deb4f9769465c29c9f0c.Wr_OldText.1.lines.gt.json
49abe117fccef1ae5a1e414443a8d3cd.Wr_OldText.1.img.jpg	49abe117fccef1ae5a1e414443a8d3cd.Wr_OldText.1.lines.gt.json
31b1624694616efd63094f3e7d492642.Wr_OldText.3.img.jpg	31b1624694616efd63094f3e7d492642.Wr_OldText.3.lines.gt.json
12b21cdaf6e141eb18cbde272b0d8b48.Wr_OldText.3.img.jpg	12b21cdaf6e141eb18cbde272b0d8b48.Wr_OldText.3.lines.gt.json
37cc40d61b84b0b2db9d748c7f1f3de4.Wr_OldText.2.img.jpg	37cc40d61b84b0b2db9d748c7f1f3de4.Wr_OldText.2.lines.gt.json
e4afda6d79df639be18017008d083583.Wr_OldText.1.img.jpg	e4afda6d79df639be18017008d083583.Wr_OldText.1.lines.gt.json
7d248ba19b7b70dff23b180d3f5bc311.Wr_OldText.0.img.jpg	7d248ba19b7b70dff23b180d3f5bc311.Wr_OldText.0.lines.gt.json
e5518e261069271f24be3f85c86a519c.Wr_OldText.0.img.jpg	e5518e261069271f24be3f85c86a519c.Wr_OldText.0.lines.gt.json
c74a524009bcb0342be9968507bb071b.Wr_OldText.6.img.jpg	c74a524009bcb0342be9968507bb071b.Wr_OldText.6.lines.gt.json
d752018c25f17db6de0597d7a9c89a30.Wr_OldText.2.img.jpg	d752018c25f17db6de0597d7a9c89a30.Wr_OldText.2.lines.gt.json
085adcedac6b24e667b59d1dbb3fcd84.Wr_OldText.3.img.jpg	085adcedac6b24e667b59d1dbb3fcd84.Wr_OldText.3.lines.gt.json
17fc79b876b786a3f177e92a42c45709.Wr_OldText.1.img.jpg	17fc79b876b786a3f177e92a42c45709.Wr_OldText.1.lines.gt.json
4a6baa66b7da446e3baa31e8907f1cb8.Wr_OldText.5.img.jpg	4a6baa66b7da446e3baa31e8907f1cb8.Wr_OldText.5.lines.gt.json
4cc72c7aac48ff526ed3aa1ca9833007.Wr_OldText.0.img.jpg	4cc72c7aac48ff526ed3aa1ca9833007.Wr_OldText.0.lines.gt.json
fb8a85d700fbbaa1311a9e762b9e70dc.Wr_OldText.3.img.jpg	fb8a85d700fbbaa1311a9e762b9e70dc.Wr_OldText.3.lines.gt.json
c3c29663eeb5882ccdc749f9021b025f.Wr_OldText.2.img.jpg	c3c29663eeb5882ccdc749f9021b025f.Wr_OldText.2.lines.gt.json
19040af273057b76547e0118c2025fd1.Wr_OldText.2.img.jpg	19040af273057b76547e0118c2025fd1.Wr_OldText.2.lines.gt.json
f17f869c7597e1ca6cef3b8cecb0d878.Wr_OldText.3.img.jpg	f17f869c7597e1ca6cef3b8cecb0d878.Wr_OldText.3.lines.gt.json
fbddee58b6e8cc8e4207b3cad79e0d91.Wr_OldText.2.img.jpg	fbddee58b6e8cc8e4207b3cad79e0d91.Wr_OldText.2.lines.gt.json
5611ec5cb1780357ad3e0dd24277112b.Wr_OldText.3.img.jpg	5611ec5cb1780357ad3e0dd24277112b.Wr_OldText.3.lines.gt.json
5f639aee50230a9b70b3395ae08f9242.Wr_OldText.4.img.jpg	5f639aee50230a9b70b3395ae08f9242.Wr_OldText.4.lines.gt.json
4694891be09d7beda72fab9a2395d7fc.Wr_OldText.6.img.jpg	4694891be09d7beda72fab9a2395d7fc.Wr_OldText.6.lines.gt.json
8a04535385767a5d6846e8b9c5413de3.Wr_OldText.1.img.jpg	8a04535385767a5d6846e8b9c5413de3.Wr_OldText.1.lines.gt.json
0dae7f5b325045bb296db7dec8fd5a5e.Wr_OldText.2.img.jpg	0dae7f5b325045bb296db7dec8fd5a5e.Wr_OldText.2.lines.gt.json
e3e8c776c17d2fdf4acf441c7f4bbc32.Wr_OldText.4.img.jpg	e3e8c776c17d2fdf4acf441c7f4bbc32.Wr_OldText.4.lines.gt.json
fb4ab948706e99c0c60129ed3f4b0085.Wr_OldText.11.img.jpg	fb4ab948706e99c0c60129ed3f4b0085.Wr_OldText.11.lines.gt.json
b16e9511db9e34922312ddb70a41548c.Wr_OldText.1.img.jpg	b16e9511db9e34922312ddb70a41548c.Wr_OldText.1.lines.gt.json
c244b706e03a405f340216445b504620.Wr_OldText.2.img.jpg	c244b706e03a405f340216445b504620.Wr_OldText.2.lines.gt.json
8b8d07b53dbe14cb7d43abdab568488f.Wr_OldText.3.img.jpg	8b8d07b53dbe14cb7d43abdab568488f.Wr_OldText.3.lines.gt.json
449b3a0dff429728aea03de8131ff7bd.Wr_OldText.1.img.jpg	449b3a0dff429728aea03de8131ff7bd.Wr_OldText.1.lines.gt.json
a7a8a15bbb8617b842b694ed6c9310ff.Wr_OldText.1.img.jpg	a7a8a15bbb8617b842b694ed6c9310ff.Wr_OldText.1.lines.gt.json
3e8754a942bb5f41aec11336a1d4706a.Wr_OldText.2.img.jpg	3e8754a942bb5f41aec11336a1d4706a.Wr_OldText.2.lines.gt.json
77afe5a0612274eae76e861a0e7394ae.Wr_OldText.3.img.jpg	77afe5a0612274eae76e861a0e7394ae.Wr_OldText.3.lines.gt.json
b3fc201db3ed8f34f6fbe70390a3697e.Wr_OldText.2.img.jpg	b3fc201db3ed8f34f6fbe70390a3697e.Wr_OldText.2.lines.gt.json
d2e58d3c588a497cd7ec8922ca7f474e.Wr_OldText.5.img.jpg	d2e58d3c588a497cd7ec8922ca7f474e.Wr_OldText.5.lines.gt.json
6835d6359c3a3bd76c27ceeaf391b374.Wr_OldText.3.img.jpg	6835d6359c3a3bd76c27ceeaf391b374.Wr_OldText.3.lines.gt.json
020d26df5d8fcc91591d4919c0c1d03f.Wr_OldText.2.img.jpg	020d26df5d8fcc91591d4919c0c1d03f.Wr_OldText.2.lines.gt.json
e80ffa622fd096983bef2adec30a4ea1.Wr_OldText.2.img.jpg	e80ffa622fd096983bef2adec30a4ea1.Wr_OldText.2.lines.gt.json
c2da897998a24c82a8e8524bdfeb41a8.Wr_OldText.3.img.jpg	c2da897998a24c82a8e8524bdfeb41a8.Wr_OldText.3.lines.gt.json
596c4922a76b6307ca755e76289373c2.Wr_OldText.1.img.jpg	596c4922a76b6307ca755e76289373c2.Wr_OldText.1.lines.gt.json
46f37f961b3d62f35260b3cf6d72cf7f.Wr_OldText.1.img.jpg	46f37f961b3d62f35260b3cf6d72cf7f.Wr_OldText.1.lines.gt.json
52d81999298d1930c29f609e81f442a2.Wr_OldText.0.img.jpg	52d81999298d1930c29f609e81f442a2.Wr_OldText.0.lines.gt.json
d1c99498b5c10f9897a85f6d6f2f7650.Wr_OldText.0.img.jpg	d1c99498b5c10f9897a85f6d6f2f7650.Wr_OldText.0.lines.gt.json
90117e945342fc11ae4b43dfa2a60c6d.Wr_OldText.4.img.jpg	90117e945342fc11ae4b43dfa2a60c6d.Wr_OldText.4.lines.gt.json
302815d0da969b3e2d4871b8db8c9ee1.Wr_OldText.1.img.jpg	302815d0da969b3e2d4871b8db8c9ee1.Wr_OldText.1.lines.gt.json
0e63ecba001c246c2d2657cf76604d5d.Wr_OldText.1.img.jpg	0e63ecba001c246c2d2657cf76604d5d.Wr_OldText.1.lines.gt.json
ed594231ea6365522ef76ebce06156db.Wr_OldText.6.img.jpg	ed594231ea6365522ef76ebce06156db.Wr_OldText.6.lines.gt.json
c1258472b982bb57b62a49c29f5a8801.Wr_OldText.0.img.jpg	c1258472b982bb57b62a49c29f5a8801.Wr_OldText.0.lines.gt.json
78c04cc75927a1a83ddc9632dc78fb6e.Wr_OldText.7.img.jpg	78c04cc75927a1a83ddc9632dc78fb6e.Wr_OldText.7.lines.gt.json
58838f921f926ec6b97cd873dfd3fa19.Wr_OldText.4.img.jpg	58838f921f926ec6b97cd873dfd3fa19.Wr_OldText.4.lines.gt.json
ecc389516c8a17bf25beb4179d1ebe48.Wr_OldText.4.img.jpg	ecc389516c8a17bf25beb4179d1ebe48.Wr_OldText.4.lines.gt.json
c6599934581f8c3eff9830b1f071eaa2.Wr_OldText.9.img.jpg	c6599934581f8c3eff9830b1f071eaa2.Wr_OldText.9.lines.gt.json
5197ce38a0e5a05d3bf2863cef15447e.Wr_OldText.1.img.jpg	5197ce38a0e5a05d3bf2863cef15447e.Wr_OldText.1.lines.gt.json
285e8bd0271f03c57001027bd8465c81.Wr_OldText.1.img.jpg	285e8bd0271f03c57001027bd8465c81.Wr_OldText.1.lines.gt.json
f0b82e0151d98366d9f11f6d92fd4b9e.Wr_OldText.5.img.jpg	f0b82e0151d98366d9f11f6d92fd4b9e.Wr_OldText.5.lines.gt.json
207adc80f462f2dd377b03c94a1bd197.Wr_OldText.3.img.jpg	207adc80f462f2dd377b03c94a1bd197.Wr_OldText.3.lines.gt.json
56f47d7f10e34cb8ed1efdee1e91c824.Wr_OldText.4.img.jpg	56f47d7f10e34cb8ed1efdee1e91c824.Wr_OldText.4.lines.gt.json
dc54e3dc58c2e43d15b7642b61724f4a.Wr_OldText.2.img.jpg	dc54e3dc58c2e43d15b7642b61724f4a.Wr_OldText.2.lines.gt.json
589b5548bafdb3f5db26d690e097b510.Wr_OldText.2.img.jpg	589b5548bafdb3f5db26d690e097b510.Wr_OldText.2.lines.gt.json
659451cd897c9241b70c39e088024bb0.Wr_OldText.5.img.jpg	659451cd897c9241b70c39e088024bb0.Wr_OldText.5.lines.gt.json
17da5ae142ef182fb3b2adfa9bf01e63.Wr_OldText.2.img.jpg	17da5ae142ef182fb3b2adfa9bf01e63.Wr_OldText.2.lines.gt.json
50621c342d7f7c13662bc009e8e1f3fd.Wr_OldText.1.img.jpg	50621c342d7f7c13662bc009e8e1f3fd.Wr_OldText.1.lines.gt.json
8349a91c75d340e28d41abc0d2df1fff.Wr_OldText.1.img.jpg	8349a91c75d340e28d41abc0d2df1fff.Wr_OldText.1.lines.gt.json
763c0d4699c57446ed3b08f93399f574.Wr_OldText.2.img.jpg	763c0d4699c57446ed3b08f93399f574.Wr_OldText.2.lines.gt.json
6c3c37f398aa4c98b659435e391f136f.Wr_OldText.2.img.jpg	6c3c37f398aa4c98b659435e391f136f.Wr_OldText.2.lines.gt.json
184ebe0a8d17497ab23493e591f1c243.Wr_OldText.4.img.jpg	184ebe0a8d17497ab23493e591f1c243.Wr_OldText.4.lines.gt.json
6dc1ebbe537813f57d8baa7c63eaf22d.Wr_OldText.1.img.jpg	6dc1ebbe537813f57d8baa7c63eaf22d.Wr_OldText.1.lines.gt.json
506a86f87b85793550676cda6825966d.Wr_OldText.4.img.jpg	506a86f87b85793550676cda6825966d.Wr_OldText.4.lines.gt.json
817767fd6bae00bfc5cb653dd657ee65.Wr_OldText.3.img.jpg	817767fd6bae00bfc5cb653dd657ee65.Wr_OldText.3.lines.gt.json
68ef8b7b2a9b8eaaa9fbfcc5a73db7e3.Wr_OldText.1.img.jpg	68ef8b7b2a9b8eaaa9fbfcc5a73db7e3.Wr_OldText.1.lines.gt.json
9e2fc0b8fc5f737961ccfef5b58ef77d.Wr_OldText.5.img.jpg	9e2fc0b8fc5f737961ccfef5b58ef77d.Wr_OldText.5.lines.gt.json
acbdfa9bfbe4d6cf6f0d54dbc9997729.Wr_OldText.0.img.jpg	acbdfa9bfbe4d6cf6f0d54dbc9997729.Wr_OldText.0.lines.gt.json
54f580230d36b526395664e9fa91ee51.Wr_OldText.2.img.jpg	54f580230d36b526395664e9fa91ee51.Wr_OldText.2.lines.gt.json
a9d6c452c5ae5d4718d132d87f0b0a35.Wr_OldText.4.img.jpg	a9d6c452c5ae5d4718d132d87f0b0a35.Wr_OldText.4.lines.gt.json
068d5d33dc8bcf4fa1c7f0d789cbee57.Wr_OldText.5.img.jpg	068d5d33dc8bcf4fa1c7f0d789cbee57.Wr_OldText.5.lines.gt.json
291eaacf8d1353157af639df4e7fbb16.Wr_OldText.1.img.jpg	291eaacf8d1353157af639df4e7fbb16.Wr_OldText.1.lines.gt.json
4560f6a0cdff39a85ee9c0f6d67a2abb.Wr_OldText.1.img.jpg	4560f6a0cdff39a85ee9c0f6d67a2abb.Wr_OldText.1.lines.gt.json
cbb6a9323b41c73e1615ff6c6a5e2541.Wr_OldText.2.img.jpg	cbb6a9323b41c73e1615ff6c6a5e2541.Wr_OldText.2.lines.gt.json
b0104a1f0cd69bc6db658258053146d0.Wr_OldText.2.img.jpg	b0104a1f0cd69bc6db658258053146d0.Wr_OldText.2.lines.gt.json
f5549d688c600e8caf6d7052e13c0a88.Wr_OldText.1.img.jpg	f5549d688c600e8caf6d7052e13c0a88.Wr_OldText.1.lines.gt.json
8f0004aeb468238ff1c5649baf2a11d8.Wr_OldText.1.img.jpg	8f0004aeb468238ff1c5649baf2a11d8.Wr_OldText.1.lines.gt.json
d09db254313762e7e607a5a3cc0547ac.Wr_OldText.5.img.jpg	d09db254313762e7e607a5a3cc0547ac.Wr_OldText.5.lines.gt.json
385eb9263f985cbbf6fa18a7c6bffc4c.Wr_OldText.2.img.jpg	385eb9263f985cbbf6fa18a7c6bffc4c.Wr_OldText.2.lines.gt.json
4add7ec04a2bbc605377ecc45190792c.Wr_OldText.5.img.jpg	4add7ec04a2bbc605377ecc45190792c.Wr_OldText.5.lines.gt.json
6b9531d34127a3d64300b6d59cdc123a.Wr_OldText.3.img.jpg	6b9531d34127a3d64300b6d59cdc123a.Wr_OldText.3.lines.gt.json
a401915630c6386c7805ff29d56a20ac.Wr_OldText.2.img.jpg	a401915630c6386c7805ff29d56a20ac.Wr_OldText.2.lines.gt.json
730022f23cda57a09733179005b3e38c.Wr_OldText.3.img.jpg	730022f23cda57a09733179005b3e38c.Wr_OldText.3.lines.gt.json
591e0762397178ee89e4c8b356be0da3.Wr_OldText.9.img.jpg	591e0762397178ee89e4c8b356be0da3.Wr_OldText.9.lines.gt.json
e5970a9cdbaeee7cd5352b0935e94cb4.Wr_OldText.4.img.jpg	e5970a9cdbaeee7cd5352b0935e94cb4.Wr_OldText.4.lines.gt.json
bb998a51a23c0b72008c24e3c9fe594c.Wr_OldText.0.img.jpg	bb998a51a23c0b72008c24e3c9fe594c.Wr_OldText.0.lines.gt.json
53cfa0e93feb6fb83cc3cf45a943455d.Wr_OldText.0.img.jpg	53cfa0e93feb6fb83cc3cf45a943455d.Wr_OldText.0.lines.gt.json
447f716adadb320cd6215818a7b9c78e.Wr_OldText.5.img.jpg	447f716adadb320cd6215818a7b9c78e.Wr_OldText.5.lines.gt.json
9c460fbf415e7ecae2504bc77d65f8f5.Wr_OldText.8.img.jpg	9c460fbf415e7ecae2504bc77d65f8f5.Wr_OldText.8.lines.gt.json
36dce3faa64d4edafe02d2b710ddb826.Wr_OldText.4.img.jpg	36dce3faa64d4edafe02d2b710ddb826.Wr_OldText.4.lines.gt.json
edfa214144162b6cac93e4c618ac6e86.Wr_OldText.0.img.jpg	edfa214144162b6cac93e4c618ac6e86.Wr_OldText.0.lines.gt.json
15fbc88c7a044848af49ee6b789b2508.Wr_OldText.7.img.jpg	15fbc88c7a044848af49ee6b789b2508.Wr_OldText.7.lines.gt.json
6b0406b302374b022150f19756fddf04.Wr_OldText.6.img.jpg	6b0406b302374b022150f19756fddf04.Wr_OldText.6.lines.gt.json
95e05be15dacbb913cd4c69631f6809a.Wr_OldText.1.img.jpg	95e05be15dacbb913cd4c69631f6809a.Wr_OldText.1.lines.gt.json
fa61368e61b212db4d51f26d5715c4cf.Wr_OldText.2.img.jpg	fa61368e61b212db4d51f26d5715c4cf.Wr_OldText.2.lines.gt.json
792a19ee66205a05c2bcd9bb52e33754.Wr_OldText.2.img.jpg	792a19ee66205a05c2bcd9bb52e33754.Wr_OldText.2.lines.gt.json
1861fb07dbbb09bfce28ae87d9efb8ca.Wr_OldText.3.img.jpg	1861fb07dbbb09bfce28ae87d9efb8ca.Wr_OldText.3.lines.gt.json
5bb11ab15c7d8be598b40bdc9a0de67a.Wr_OldText.4.img.jpg	5bb11ab15c7d8be598b40bdc9a0de67a.Wr_OldText.4.lines.gt.json
8732d680fce3eee0e1580798d37fb3a8.Wr_OldText.1.img.jpg	8732d680fce3eee0e1580798d37fb3a8.Wr_OldText.1.lines.gt.json
3f7d12e4f9ab99d2661aa24eda2bed92.Wr_OldText.3.img.jpg	3f7d12e4f9ab99d2661aa24eda2bed92.Wr_OldText.3.lines.gt.json
5b7181f370eb0b7c47b5d5810d24f7ab.Wr_OldText.3.img.jpg	5b7181f370eb0b7c47b5d5810d24f7ab.Wr_OldText.3.lines.gt.json
5cae6d6ece975c28074d58e0fa8fe19c.Wr_OldText.3.img.jpg	5cae6d6ece975c28074d58e0fa8fe19c.Wr_OldText.3.lines.gt.json
26e67eca710ca81a354e79731d086063.Wr_OldText.1.img.jpg	26e67eca710ca81a354e79731d086063.Wr_OldText.1.lines.gt.json
10fcd64d970c95c2477e3a05bf22e365.Wr_OldText.4.img.jpg	10fcd64d970c95c2477e3a05bf22e365.Wr_OldText.4.lines.gt.json
a98c7ef8bd243511080d7a93664b0fb3.Wr_OldText.2.img.jpg	a98c7ef8bd243511080d7a93664b0fb3.Wr_OldText.2.lines.gt.json
fd911baef75eae713bed5a886e95d1f7.Wr_OldText.4.img.jpg	fd911baef75eae713bed5a886e95d1f7.Wr_OldText.4.lines.gt.json
7c8857ca2815a6505ec634ace2f518fb.Wr_OldText.0.img.jpg	7c8857ca2815a6505ec634ace2f518fb.Wr_OldText.0.lines.gt.json
559c46ace91a999838c4208b5e4be723.Wr_OldText.3.img.jpg	559c46ace91a999838c4208b5e4be723.Wr_OldText.3.lines.gt.json
8d60805ce099533211dfa6b0c550f366.Wr_OldText.3.img.jpg	8d60805ce099533211dfa6b0c550f366.Wr_OldText.3.lines.gt.json
4d6fc0fd87445b463da0f35fc24527a6.Wr_OldText.4.img.jpg	4d6fc0fd87445b463da0f35fc24527a6.Wr_OldText.4.lines.gt.json
b710766b9591eb4631e7ce246b8df451.Wr_OldText.4.img.jpg	b710766b9591eb4631e7ce246b8df451.Wr_OldText.4.lines.gt.json
962e6277a5766d8878cf839d0dd40c2a.Wr_OldText.2.img.jpg	962e6277a5766d8878cf839d0dd40c2a.Wr_OldText.2.lines.gt.json
4e3f0a40438cb9f4083990f0eb51db98.Wr_OldText.5.img.jpg	4e3f0a40438cb9f4083990f0eb51db98.Wr_OldText.5.lines.gt.json
fb68ad3f02c84b20b5109c254af71386.Wr_OldText.2.img.jpg	fb68ad3f02c84b20b5109c254af71386.Wr_OldText.2.lines.gt.json
a601790f8eb1b95b0fa299f95425992e.Wr_OldText.5.img.jpg	a601790f8eb1b95b0fa299f95425992e.Wr_OldText.5.lines.gt.json
245df0479629de3628e5e69e9c34da18.Wr_OldText.1.img.jpg	245df0479629de3628e5e69e9c34da18.Wr_OldText.1.lines.gt.json
876160719bc15863f5e10a12a23369ae.Wr_OldText.3.img.jpg	876160719bc15863f5e10a12a23369ae.Wr_OldText.3.lines.gt.json
4884ebac243eed9cfb1513bd09b348ac.Wr_OldText.5.img.jpg	4884ebac243eed9cfb1513bd09b348ac.Wr_OldText.5.lines.gt.json
cf2c615371680b23c18da54310c2a125.Wr_OldText.0.img.jpg	cf2c615371680b23c18da54310c2a125.Wr_OldText.0.lines.gt.json
1c82e1a531d21028a4c16a368a846e7a.Wr_OldText.1.img.jpg	1c82e1a531d21028a4c16a368a846e7a.Wr_OldText.1.lines.gt.json
698bdadfcfc666b439b740da2206b92f.Wr_OldText.5.img.jpg	698bdadfcfc666b439b740da2206b92f.Wr_OldText.5.lines.gt.json
ebaf0d02af002980eb3ad2e949c4954e.Wr_OldText.8.img.jpg	ebaf0d02af002980eb3ad2e949c4954e.Wr_OldText.8.lines.gt.json
5ba9f2d2ca6e12051363eb93a898287d.Wr_OldText.1.img.jpg	5ba9f2d2ca6e12051363eb93a898287d.Wr_OldText.1.lines.gt.json
8a8dcfdf53a7f116bea8f7e5181a7f4f.Wr_OldText.0.img.jpg	8a8dcfdf53a7f116bea8f7e5181a7f4f.Wr_OldText.0.lines.gt.json
e7b993a4dde264a5776bb4a98722e6c7.Wr_OldText.9.img.jpg	e7b993a4dde264a5776bb4a98722e6c7.Wr_OldText.9.lines.gt.json
2b7cbf67c939b887230e0f5313637490.Wr_OldText.2.img.jpg	2b7cbf67c939b887230e0f5313637490.Wr_OldText.2.lines.gt.json
fb8a85d700fbbaa1311a9e762b9e70dc.Wr_OldText.0.img.jpg	fb8a85d700fbbaa1311a9e762b9e70dc.Wr_OldText.0.lines.gt.json
86f425f421c80ab52751f07a74968b3d.Wr_OldText.2.img.jpg	86f425f421c80ab52751f07a74968b3d.Wr_OldText.2.lines.gt.json
9375e9fbe6e4b0fa582385467b9c8cf4.Wr_OldText.1.img.jpg	9375e9fbe6e4b0fa582385467b9c8cf4.Wr_OldText.1.lines.gt.json
d449c4dee6e479a87d888b1a54369398.Wr_OldText.4.img.jpg	d449c4dee6e479a87d888b1a54369398.Wr_OldText.4.lines.gt.json
351c8b621e29ce88e19a900d3a2716eb.Wr_OldText.0.img.jpg	351c8b621e29ce88e19a900d3a2716eb.Wr_OldText.0.lines.gt.json
b17f437412f5f306ceb74e1ca72878f9.Wr_OldText.2.img.jpg	b17f437412f5f306ceb74e1ca72878f9.Wr_OldText.2.lines.gt.json
13a66399d7e8dc5b5fc01274c710e21b.Wr_OldText.3.img.jpg	13a66399d7e8dc5b5fc01274c710e21b.Wr_OldText.3.lines.gt.json
8dda2401d4a8a567c3f0165fc8510146.Wr_OldText.3.img.jpg	8dda2401d4a8a567c3f0165fc8510146.Wr_OldText.3.lines.gt.json
c078791a56c38225998dee995209c446.Wr_OldText.4.img.jpg	c078791a56c38225998dee995209c446.Wr_OldText.4.lines.gt.json
32acb63f699ef343876d72d6ab2defc6.Wr_OldText.1.img.jpg	32acb63f699ef343876d72d6ab2defc6.Wr_OldText.1.lines.gt.json
15fbc88c7a044848af49ee6b789b2508.Wr_OldText.3.img.jpg	15fbc88c7a044848af49ee6b789b2508.Wr_OldText.3.lines.gt.json
2134d8b5388c5b7e27cd9b7d7678da58.Wr_OldText.2.img.jpg	2134d8b5388c5b7e27cd9b7d7678da58.Wr_OldText.2.lines.gt.json
84dfb144a0914d832cd7813ac6f619da.Wr_OldText.3.img.jpg	84dfb144a0914d832cd7813ac6f619da.Wr_OldText.3.lines.gt.json
9717018029352972d0dfc13a77030441.Wr_OldText.4.img.jpg	9717018029352972d0dfc13a77030441.Wr_OldText.4.lines.gt.json
bf6f313d53145ac49b2a9b1373e72f6d.Wr_OldText.2.img.jpg	bf6f313d53145ac49b2a9b1373e72f6d.Wr_OldText.2.lines.gt.json
15fbc88c7a044848af49ee6b789b2508.Wr_OldText.1.img.jpg	15fbc88c7a044848af49ee6b789b2508.Wr_OldText.1.lines.gt.json
2008b7b5bbe3795d9dcc27e1895afbd0.Wr_OldText.1.img.jpg	2008b7b5bbe3795d9dcc27e1895afbd0.Wr_OldText.1.lines.gt.json
111371347b1e10237c76f3f21c8062a9.Wr_OldText.5.img.jpg	111371347b1e10237c76f3f21c8062a9.Wr_OldText.5.lines.gt.json
5c127f16d70b3c802435525cbf741fa5.Wr_OldText.0.img.jpg	5c127f16d70b3c802435525cbf741fa5.Wr_OldText.0.lines.gt.json
ce7ac84391bd291ad9bab54d0f1e4198.Wr_OldText.6.img.jpg	ce7ac84391bd291ad9bab54d0f1e4198.Wr_OldText.6.lines.gt.json
8963e8c7e930b736f221424096109b6b.Wr_OldText.0.img.jpg	8963e8c7e930b736f221424096109b6b.Wr_OldText.0.lines.gt.json
3e1dc4608b39ea0dba79a8dfed8df45e.Wr_OldText.2.img.jpg	3e1dc4608b39ea0dba79a8dfed8df45e.Wr_OldText.2.lines.gt.json
07d5b93a4c873bcfff694e41e97d3d9c.Wr_OldText.5.img.jpg	07d5b93a4c873bcfff694e41e97d3d9c.Wr_OldText.5.lines.gt.json
929fd3e1f6b916d05e746820483b06b6.Wr_OldText.0.img.jpg	929fd3e1f6b916d05e746820483b06b6.Wr_OldText.0.lines.gt.json
4e3f0a40438cb9f4083990f0eb51db98.Wr_OldText.6.img.jpg	4e3f0a40438cb9f4083990f0eb51db98.Wr_OldText.6.lines.gt.json
e937e3b39e9996043b5770c8fb09e882.Wr_OldText.1.img.jpg	e937e3b39e9996043b5770c8fb09e882.Wr_OldText.1.lines.gt.json
29ebce4cf86a329fcf8dff8c5cc9343e.Wr_OldText.3.img.jpg	29ebce4cf86a329fcf8dff8c5cc9343e.Wr_OldText.3.lines.gt.json
5096134842640c94bb7f89ed5c015da6.Wr_OldText.1.img.jpg	5096134842640c94bb7f89ed5c015da6.Wr_OldText.1.lines.gt.json
53344fe4ea1706515e1c7593dd798550.Wr_OldText.0.img.jpg	53344fe4ea1706515e1c7593dd798550.Wr_OldText.0.lines.gt.json
acc5a8bf978682c56fa4f0ed0db4f65f.Wr_OldText.4.img.jpg	acc5a8bf978682c56fa4f0ed0db4f65f.Wr_OldText.4.lines.gt.json
3cac87e464761d795fd1b849d2fa77cc.Wr_OldText.2.img.jpg	3cac87e464761d795fd1b849d2fa77cc.Wr_OldText.2.lines.gt.json
f23445026721ae90a90c1051345a7fbe.Wr_OldText.4.img.jpg	f23445026721ae90a90c1051345a7fbe.Wr_OldText.4.lines.gt.json
3b4d2a939d977e94537cce89b44f764c.Wr_OldText.4.img.jpg	3b4d2a939d977e94537cce89b44f764c.Wr_OldText.4.lines.gt.json
b26b9aeb45e2dfe6200df8278e044649.Wr_OldText.4.img.jpg	b26b9aeb45e2dfe6200df8278e044649.Wr_OldText.4.lines.gt.json
57615ed638c4b9995bc62523b2de7423.Wr_OldText.1.img.jpg	57615ed638c4b9995bc62523b2de7423.Wr_OldText.1.lines.gt.json
880925e8e0546fc35e72f6a24e1ab3de.Wr_OldText.4.img.jpg	880925e8e0546fc35e72f6a24e1ab3de.Wr_OldText.4.lines.gt.json
0e32c6fe96a1859fd2990adf28f897bf.Wr_OldText.3.img.jpg	0e32c6fe96a1859fd2990adf28f897bf.Wr_OldText.3.lines.gt.json
99b75d791506aba4f85de38746332385.Wr_OldText.2.img.jpg	99b75d791506aba4f85de38746332385.Wr_OldText.2.lines.gt.json
ee4b2dfb149c61a4bf3565a1f34ee606.Wr_OldText.4.img.jpg	ee4b2dfb149c61a4bf3565a1f34ee606.Wr_OldText.4.lines.gt.json
8d04dbb77e7c907ae7b4c793f6280c7d.Wr_OldText.5.img.jpg	8d04dbb77e7c907ae7b4c793f6280c7d.Wr_OldText.5.lines.gt.json
fb1405193933f54e17746418ec369951.Wr_OldText.1.img.jpg	fb1405193933f54e17746418ec369951.Wr_OldText.1.lines.gt.json
173a0bb298f22c667572bcc5ddeb9324.Wr_OldText.0.img.jpg	173a0bb298f22c667572bcc5ddeb9324.Wr_OldText.0.lines.gt.json
32eda1234a77afde08a559db4cf9ede6.Wr_OldText.4.img.jpg	32eda1234a77afde08a559db4cf9ede6.Wr_OldText.4.lines.gt.json
9da0aa2990bfaf8393eeef01fe46f192.Wr_OldText.0.img.jpg	9da0aa2990bfaf8393eeef01fe46f192.Wr_OldText.0.lines.gt.json
e4575fa2e4431656c44384a50a64f10b.Wr_OldText.2.img.jpg	e4575fa2e4431656c44384a50a64f10b.Wr_OldText.2.lines.gt.json
8f9ec37845eff6201432ca3ca4a7b228.Wr_OldText.5.img.jpg	8f9ec37845eff6201432ca3ca4a7b228.Wr_OldText.5.lines.gt.json
b20d665a7e07400522ef2107ef38a663.Wr_OldText.2.img.jpg	b20d665a7e07400522ef2107ef38a663.Wr_OldText.2.lines.gt.json
59cc6c3fae99c6d18aa69aed112c6953.Wr_OldText.7.img.jpg	59cc6c3fae99c6d18aa69aed112c6953.Wr_OldText.7.lines.gt.json
0df4a9997abc65617234e9591638f85c.Wr_OldText.1.img.jpg	0df4a9997abc65617234e9591638f85c.Wr_OldText.1.lines.gt.json
03054cf614335c896513ed74df4d87ff.Wr_OldText.3.img.jpg	03054cf614335c896513ed74df4d87ff.Wr_OldText.3.lines.gt.json
599c25a99b82be135f5ddf38904a7a5a.Wr_OldText.2.img.jpg	599c25a99b82be135f5ddf38904a7a5a.Wr_OldText.2.lines.gt.json
91690651484711bea4d45722f8e25eb9.Wr_OldText.6.img.jpg	91690651484711bea4d45722f8e25eb9.Wr_OldText.6.lines.gt.json
0042453de0344b72519e093c7b20d593.Wr_OldText.1.img.jpg	0042453de0344b72519e093c7b20d593.Wr_OldText.1.lines.gt.json
9e42da060e5e98b61677cfa19c3f8e2f.Wr_OldText.2.img.jpg	9e42da060e5e98b61677cfa19c3f8e2f.Wr_OldText.2.lines.gt.json
b5b8c08faa1402ec7ac4a492f04936aa.Wr_OldText.3.img.jpg	b5b8c08faa1402ec7ac4a492f04936aa.Wr_OldText.3.lines.gt.json
a86da2278646ad1a70e984134999deb4.Wr_OldText.1.img.jpg	a86da2278646ad1a70e984134999deb4.Wr_OldText.1.lines.gt.json
d89cf86031ba004aa84b2277aa840d82.Wr_OldText.4.img.jpg	d89cf86031ba004aa84b2277aa840d82.Wr_OldText.4.lines.gt.json
6c9277204e242d65252cffade4d75144.Wr_OldText.3.img.jpg	6c9277204e242d65252cffade4d75144.Wr_OldText.3.lines.gt.json
05a45c37294409e7a91f6419eab72209.Wr_OldText.1.img.jpg	05a45c37294409e7a91f6419eab72209.Wr_OldText.1.lines.gt.json
0b89c115ad54a1796da3d71469be20a3.Wr_OldText.2.img.jpg	0b89c115ad54a1796da3d71469be20a3.Wr_OldText.2.lines.gt.json
40f76c68414675bd1607fe14c3e78f90.Wr_OldText.2.img.jpg	40f76c68414675bd1607fe14c3e78f90.Wr_OldText.2.lines.gt.json
5b02fcba2e8141da46e0d061b34607a3.Wr_OldText.2.img.jpg	5b02fcba2e8141da46e0d061b34607a3.Wr_OldText.2.lines.gt.json
df76cbd8d5c6fd5b6e8e87fa3fe62bcb.Wr_OldText.3.img.jpg	df76cbd8d5c6fd5b6e8e87fa3fe62bcb.Wr_OldText.3.lines.gt.json
7fb261ce504291af00774ef2ea085e9b.Wr_OldText.2.img.jpg	7fb261ce504291af00774ef2ea085e9b.Wr_OldText.2.lines.gt.json
67dae37147b95ce0165ebddbf2adfd40.Wr_OldText.0.img.jpg	67dae37147b95ce0165ebddbf2adfd40.Wr_OldText.0.lines.gt.json
ddd59bdccf0c219bcbfe9dfce13e8fdb.Wr_OldText.3.img.jpg	ddd59bdccf0c219bcbfe9dfce13e8fdb.Wr_OldText.3.lines.gt.json
ace10fdd4f78b69f4d59dda601e17944.Wr_OldText.2.img.jpg	ace10fdd4f78b69f4d59dda601e17944.Wr_OldText.2.lines.gt.json
9654f64881d202ac71156bb46516ec5f.Wr_OldText.0.img.jpg	9654f64881d202ac71156bb46516ec5f.Wr_OldText.0.lines.gt.json
b0232f7fb5fca7682e963cdcd95653ca.Wr_OldText.4.img.jpg	b0232f7fb5fca7682e963cdcd95653ca.Wr_OldText.4.lines.gt.json
b9c9a2b0892f32cea06c4869531103bb.Wr_OldText.5.img.jpg	b9c9a2b0892f32cea06c4869531103bb.Wr_OldText.5.lines.gt.json
813874f245a637c6a469d5afd1e6766e.Wr_OldText.2.img.jpg	813874f245a637c6a469d5afd1e6766e.Wr_OldText.2.lines.gt.json
8c537e2cbd77be9e4741b1c1d65b0ded.Wr_OldText.6.img.jpg	8c537e2cbd77be9e4741b1c1d65b0ded.Wr_OldText.6.lines.gt.json
64b68bafca542762fee9376983e46779.Wr_OldText.0.img.jpg	64b68bafca542762fee9376983e46779.Wr_OldText.0.lines.gt.json
92db93c0f2cb917a68020cfcd731613c.Wr_OldText.0.img.jpg	92db93c0f2cb917a68020cfcd731613c.Wr_OldText.0.lines.gt.json
46934f03f505860fb032d876b7f24a2f.Wr_OldText.2.img.jpg	46934f03f505860fb032d876b7f24a2f.Wr_OldText.2.lines.gt.json
c44fed4bacbcce5079073edc23bdb858.Wr_OldText.2.img.jpg	c44fed4bacbcce5079073edc23bdb858.Wr_OldText.2.lines.gt.json
1a574a910b97c037b07f32d397c1e03c.Wr_OldText.3.img.jpg	1a574a910b97c037b07f32d397c1e03c.Wr_OldText.3.lines.gt.json
30f0e27e0125c23eb977cd8681524f24.Wr_OldText.4.img.jpg	30f0e27e0125c23eb977cd8681524f24.Wr_OldText.4.lines.gt.json
130f40cfe49c8263a382c7717fdc5703.Wr_OldText.5.img.jpg	130f40cfe49c8263a382c7717fdc5703.Wr_OldText.5.lines.gt.json
2f8560a3bb02caa4496be223b55f1897.Wr_OldText.1.img.jpg	2f8560a3bb02caa4496be223b55f1897.Wr_OldText.1.lines.gt.json
1a49ca73874f3970317561f7edc9ef4a.Wr_OldText.1.img.jpg	1a49ca73874f3970317561f7edc9ef4a.Wr_OldText.1.lines.gt.json
7bd33c3ae5c1df51223c05c33acfd3de.Wr_OldText.4.img.jpg	7bd33c3ae5c1df51223c05c33acfd3de.Wr_OldText.4.lines.gt.json
c078791a56c38225998dee995209c446.Wr_OldText.0.img.jpg	c078791a56c38225998dee995209c446.Wr_OldText.0.lines.gt.json
5a7a97fed8ea853a4d3fd16158c63185.Wr_OldText.2.img.jpg	5a7a97fed8ea853a4d3fd16158c63185.Wr_OldText.2.lines.gt.json
730dd9fc804389dcc523692f4834e149.Wr_OldText.3.img.jpg	730dd9fc804389dcc523692f4834e149.Wr_OldText.3.lines.gt.json
ac27a5177bfa8f4647a5faf6b90252b4.Wr_OldText.0.img.jpg	ac27a5177bfa8f4647a5faf6b90252b4.Wr_OldText.0.lines.gt.json
b55d1893aa78e3524cb391826e4bf6bc.Wr_OldText.2.img.jpg	b55d1893aa78e3524cb391826e4bf6bc.Wr_OldText.2.lines.gt.json
e4bcf5cad86f3d0615fa389405dc237d.Wr_OldText.1.img.jpg	e4bcf5cad86f3d0615fa389405dc237d.Wr_OldText.1.lines.gt.json
5ae0e9c54584530347d0dc5c0323e0dd.Wr_OldText.3.img.jpg	5ae0e9c54584530347d0dc5c0323e0dd.Wr_OldText.3.lines.gt.json
44caa686aa99fbb26c5395c4cde45843.Wr_OldText.1.img.jpg	44caa686aa99fbb26c5395c4cde45843.Wr_OldText.1.lines.gt.json
55974ec7b000cf2d3ba6b9148c3271d5.Wr_OldText.0.img.jpg	55974ec7b000cf2d3ba6b9148c3271d5.Wr_OldText.0.lines.gt.json
f7e3f66a2f8f7c250f65603c551d5d22.Wr_OldText.6.img.jpg	f7e3f66a2f8f7c250f65603c551d5d22.Wr_OldText.6.lines.gt.json
31f5c84f58e4a71a1554baafaad3fd33.Wr_OldText.2.img.jpg	31f5c84f58e4a71a1554baafaad3fd33.Wr_OldText.2.lines.gt.json
4c1614367eab063bcd89d1d5e19c8954.Wr_OldText.3.img.jpg	4c1614367eab063bcd89d1d5e19c8954.Wr_OldText.3.lines.gt.json
8ac6ca9507771d428c9f14666a6d9940.Wr_OldText.3.img.jpg	8ac6ca9507771d428c9f14666a6d9940.Wr_OldText.3.lines.gt.json
9b39b7af5000c50fee0618d43d798444.Wr_OldText.5.img.jpg	9b39b7af5000c50fee0618d43d798444.Wr_OldText.5.lines.gt.json
6f3d59fd26cb726b98e64f4d8a200dcc.Wr_OldText.2.img.jpg	6f3d59fd26cb726b98e64f4d8a200dcc.Wr_OldText.2.lines.gt.json
cccf18fd47c7e34608082510985a2f4e.Wr_OldText.6.img.jpg	cccf18fd47c7e34608082510985a2f4e.Wr_OldText.6.lines.gt.json
2f823693d3761ca6ef78ab35c447b5b9.Wr_OldText.2.img.jpg	2f823693d3761ca6ef78ab35c447b5b9.Wr_OldText.2.lines.gt.json
5e6af236040be40a3637b5ee171e4c44.Wr_OldText.3.img.jpg	5e6af236040be40a3637b5ee171e4c44.Wr_OldText.3.lines.gt.json
5a028923a373ac67deb67dcb65b95818.Wr_OldText.1.img.jpg	5a028923a373ac67deb67dcb65b95818.Wr_OldText.1.lines.gt.json
d21a134eedd74d524e5db8e2adeb3f5d.Wr_OldText.2.img.jpg	d21a134eedd74d524e5db8e2adeb3f5d.Wr_OldText.2.lines.gt.json
65b3cb20e959305888250924c807bc51.Wr_OldText.0.img.jpg	65b3cb20e959305888250924c807bc51.Wr_OldText.0.lines.gt.json
9087dfaed5e996da7fa9aed0ed2de7e8.Wr_OldText.4.img.jpg	9087dfaed5e996da7fa9aed0ed2de7e8.Wr_OldText.4.lines.gt.json
72b9f7cacc79b80a9b67f5b08ceb6ca7.Wr_OldText.4.img.jpg	72b9f7cacc79b80a9b67f5b08ceb6ca7.Wr_OldText.4.lines.gt.json
70767308f76a917df067e0c108b31afe.Wr_OldText.3.img.jpg	70767308f76a917df067e0c108b31afe.Wr_OldText.3.lines.gt.json
cb5e56e23890997a1d5990ad1abc2d4d.Wr_OldText.5.img.jpg	cb5e56e23890997a1d5990ad1abc2d4d.Wr_OldText.5.lines.gt.json
7469ca07177c0ea4488c82f5a346c6c6.Wr_OldText.3.img.jpg	7469ca07177c0ea4488c82f5a346c6c6.Wr_OldText.3.lines.gt.json
8f4bab49f94627a7d58c8ea0e443aa14.Wr_OldText.1.img.jpg	8f4bab49f94627a7d58c8ea0e443aa14.Wr_OldText.1.lines.gt.json
49cbf5b8f50286f3d5d1dfb4cc3716f5.Wr_OldText.1.img.jpg	49cbf5b8f50286f3d5d1dfb4cc3716f5.Wr_OldText.1.lines.gt.json
ab4f95a3bd1b1745eb1cc1670e617eb9.Wr_OldText.5.img.jpg	ab4f95a3bd1b1745eb1cc1670e617eb9.Wr_OldText.5.lines.gt.json
c55b47649af707e86e86d4d6d878f7a8.Wr_OldText.1.img.jpg	c55b47649af707e86e86d4d6d878f7a8.Wr_OldText.1.lines.gt.json
bd3bddb1a7c857afe78aff8b9a20bb1c.Wr_OldText.2.img.jpg	bd3bddb1a7c857afe78aff8b9a20bb1c.Wr_OldText.2.lines.gt.json
4b6c8f356d108bea3eb80660a99dd9fe.Wr_OldText.8.img.jpg	4b6c8f356d108bea3eb80660a99dd9fe.Wr_OldText.8.lines.gt.json
49cbf5b8f50286f3d5d1dfb4cc3716f5.Wr_OldText.2.img.jpg	49cbf5b8f50286f3d5d1dfb4cc3716f5.Wr_OldText.2.lines.gt.json
c017e359772786fa2cf1b39af4d52e86.Wr_OldText.1.img.jpg	c017e359772786fa2cf1b39af4d52e86.Wr_OldText.1.lines.gt.json
e01ea6711290fdcac0dabd9ce730b9b0.Wr_OldText.5.img.jpg	e01ea6711290fdcac0dabd9ce730b9b0.Wr_OldText.5.lines.gt.json
caa8a1dc3e6bb5bd91a34341ebdf4eb9.Wr_OldText.1.img.jpg	caa8a1dc3e6bb5bd91a34341ebdf4eb9.Wr_OldText.1.lines.gt.json
cf2c615371680b23c18da54310c2a125.Wr_OldText.4.img.jpg	cf2c615371680b23c18da54310c2a125.Wr_OldText.4.lines.gt.json
4c849de443d33d9057ded666dd27ff22.Wr_OldText.2.img.jpg	4c849de443d33d9057ded666dd27ff22.Wr_OldText.2.lines.gt.json
063faace7834f6ad50b9f4f0c5515f2b.Wr_OldText.4.img.jpg	063faace7834f6ad50b9f4f0c5515f2b.Wr_OldText.4.lines.gt.json
712200f9b64109d7c0cadccd61a1d408.Wr_OldText.1.img.jpg	712200f9b64109d7c0cadccd61a1d408.Wr_OldText.1.lines.gt.json
